USE [ACKAppDB]
GO
/****** Object:  Table [dbo].[SIPARISNOSAYAC]    Script Date: 09/04/2014 22:33:17 ******/
SET ANSI_NULLS ON
GO
SET QUOTED_IDENTIFIER ON
GO
SET ANSI_PADDING ON
GO
IF NOT EXISTS (SELECT * FROM sys.objects WHERE object_id = OBJECT_ID(N'[dbo].[SIPARISNOSAYAC]') AND type in (N'U'))
BEGIN
CREATE TABLE [dbo].[SIPARISNOSAYAC](
	[YIL] [int] NOT NULL,
	[KAPITUR] [varchar](5) NOT NULL,
	[SIRANO] [int] NOT NULL
) ON [PRIMARY]
END
GO
SET ANSI_PADDING OFF
GO
INSERT [dbo].[SIPARISNOSAYAC] ([YIL], [KAPITUR], [SIRANO]) VALUES (2014, N'Nova', 7)
/****** Object:  Table [dbo].[SIPARIS]    Script Date: 09/04/2014 22:33:17 ******/
SET ANSI_NULLS ON
GO
SET QUOTED_IDENTIFIER ON
GO
SET ANSI_PADDING ON
GO
IF NOT EXISTS (SELECT * FROM sys.objects WHERE object_id = OBJECT_ID(N'[dbo].[SIPARIS]') AND type in (N'U'))
BEGIN
CREATE TABLE [dbo].[SIPARIS](
	[ID] [int] IDENTITY(1,1) NOT NULL,
	[SIPARISNO] [varchar](50) NULL,
	[SIPARISTARIH] [datetime] NULL,
	[BAYIADI] [varchar](50) NULL,
	[MUSTERIAD] [varchar](100) NULL,
	[MUSTERISOYAD] [varchar](100) NULL,
	[MUSTERIADRES] [varchar](500) NULL,
	[MUSTERIIL] [varchar](50) NULL,
	[MUSTERIILCE] [varchar](50) NULL,
	[MUSTERIEVTEL] [varchar](50) NULL,
	[MUSTERIISTEL] [varchar](50) NULL,
	[MUSTERICEPTEL] [varchar](50) NULL,
	[ICKAPIMODEL] [varchar](50) NULL,
	[DISKAPIMODEL] [varchar](50) NULL,
	[ICKAPIRENK] [varchar](50) NULL,
	[KILITSISTEM] [varchar](50) NULL,
	[CITA] [varchar](50) NULL,
	[ESIK] [varchar](50) NULL,
	[ALUMINYUMRENK] [varchar](50) NULL,
	[AKSESUARRENK] [varchar](50) NULL,
	[CONTARENK] [varchar](50) NULL,
	[TACTIP] [varchar](50) NULL,
	[PERVAZTIP] [varchar](50) NULL,
	[CEKMEKOLU] [varchar](50) NULL,
	[KAPINO] [varchar](50) NULL,
	[BARELTIP] [varchar](50) NULL,
	[BABA] [varchar](50) NULL,
	[DURBUN] [varchar](50) NULL,
	[TAKTAK] [varchar](50) NULL,
	[MONTAJDATAKILACAK] [varchar](50) NULL,
	[OLCUMBILGI] [varchar](50) NULL,
	[OLCUMTARIH] [date] NULL,
	[OLCUMALANKISI] [varchar](50) NULL,
	[MONTAJSEKLI] [varchar](50) NULL,
	[TESLIMSEKLI] [varchar](50) NULL,
	[PESINAT] [varchar](50) NULL,
	[KALANODEME] [varchar](50) NULL,
	[FIYAT] [varchar](50) NULL,
	[VERGIDAIRESI] [varchar](50) NULL,
	[VERGINUMARASI] [varchar](50) NULL
) ON [PRIMARY]
END
GO
SET ANSI_PADDING OFF
GO
SET IDENTITY_INSERT [dbo].[SIPARIS] ON
INSERT [dbo].[SIPARIS] ([ID], [SIPARISNO], [SIPARISTARIH], [BAYIADI], [MUSTERIAD], [MUSTERISOYAD], [MUSTERIADRES], [MUSTERIIL], [MUSTERIILCE], [MUSTERIEVTEL], [MUSTERIISTEL], [MUSTERICEPTEL], [ICKAPIMODEL], [DISKAPIMODEL], [ICKAPIRENK], [KILITSISTEM], [CITA], [ESIK], [ALUMINYUMRENK], [AKSESUARRENK], [CONTARENK], [TACTIP], [PERVAZTIP], [CEKMEKOLU], [KAPINO], [BARELTIP], [BABA], [DURBUN], [TAKTAK], [MONTAJDATAKILACAK], [OLCUMBILGI], [OLCUMTARIH], [OLCUMALANKISI], [MONTAJSEKLI], [TESLIMSEKLI], [PESINAT], [KALANODEME], [FIYAT], [VERGIDAIRESI], [VERGINUMARASI]) VALUES (4, N'N-1', CAST(0x0000A39400ACC2DD AS DateTime), N'asd', N'sdsa', N'', N'asf', N'ÇORUM', N'BOÐAZKALE', N'1232323213', N'2132131321', N'1232312331', N'101', N'102', N'Karaaðaç', N'Multlock 15''li', N'H-Eloksal', N'Siyah', N'Seçiniz', N'Saten', N'Seçiniz', N'Seçiniz', N'Seçiniz', N'123', N'wr', N'213', N'Var', N'Var', N'Yok', N'123', N'wrwer', CAST(0xDB380B00 AS Date), N'Seçiniz', N'Betonlu', N'Montajlý', N'wer', N'wer', NULL, N'wer', N'wer')
INSERT [dbo].[SIPARIS] ([ID], [SIPARISNO], [SIPARISTARIH], [BAYIADI], [MUSTERIAD], [MUSTERISOYAD], [MUSTERIADRES], [MUSTERIIL], [MUSTERIILCE], [MUSTERIEVTEL], [MUSTERIISTEL], [MUSTERICEPTEL], [ICKAPIMODEL], [DISKAPIMODEL], [ICKAPIRENK], [KILITSISTEM], [CITA], [ESIK], [ALUMINYUMRENK], [AKSESUARRENK], [CONTARENK], [TACTIP], [PERVAZTIP], [CEKMEKOLU], [KAPINO], [BARELTIP], [BABA], [DURBUN], [TAKTAK], [MONTAJDATAKILACAK], [OLCUMBILGI], [OLCUMTARIH], [OLCUMALANKISI], [MONTAJSEKLI], [TESLIMSEKLI], [PESINAT], [KALANODEME], [FIYAT], [VERGIDAIRESI], [VERGINUMARASI]) VALUES (11, N'N-3', CAST(0x0000A39401019DBA AS DateTime), N'sad', N'ayhan', N'aydda', N'sdsd asdfsf', N'ÇORUM', N'BAYAT ', N'1111111111', N'1111111111', N'1111111111', N'101', N'101', N'Porte Ceviz', N'Seçiniz', N'Seçiniz', N'Seçiniz', N'Seçiniz', N'Seçiniz', N'Seçiniz', N'Seçiniz', N'Seçiniz', N'', N'', N'', N'Seçiniz', N'Seçiniz', N'Seçiniz', N'', N'zsdaf as', CAST(0xD8380B00 AS Date), N'Seçiniz', N'Betonlu', N'Montajlý', N'we', N'asd', NULL, N'das', N'asd')
INSERT [dbo].[SIPARIS] ([ID], [SIPARISNO], [SIPARISTARIH], [BAYIADI], [MUSTERIAD], [MUSTERISOYAD], [MUSTERIADRES], [MUSTERIIL], [MUSTERIILCE], [MUSTERIEVTEL], [MUSTERIISTEL], [MUSTERICEPTEL], [ICKAPIMODEL], [DISKAPIMODEL], [ICKAPIRENK], [KILITSISTEM], [CITA], [ESIK], [ALUMINYUMRENK], [AKSESUARRENK], [CONTARENK], [TACTIP], [PERVAZTIP], [CEKMEKOLU], [KAPINO], [BARELTIP], [BABA], [DURBUN], [TAKTAK], [MONTAJDATAKILACAK], [OLCUMBILGI], [OLCUMTARIH], [OLCUMALANKISI], [MONTAJSEKLI], [TESLIMSEKLI], [PESINAT], [KALANODEME], [FIYAT], [VERGIDAIRESI], [VERGINUMARASI]) VALUES (12, N'N-4', CAST(0x0000A3940101E754 AS DateTime), N'sad', N'ayhan', N'aydda', N'sdsd asdfsf', N'ÇORUM', N'BAYAT ', N'1111111111', N'1111111111', N'1111111111', N'101', N'101', N'Porte Ceviz', N'Seçiniz', N'Seçiniz', N'Seçiniz', N'Seçiniz', N'Seçiniz', N'Seçiniz', N'Seçiniz', N'Seçiniz', N'', N'', N'', N'Seçiniz', N'Seçiniz', N'Seçiniz', N'', N'zsdaf as', CAST(0xDA380B00 AS Date), N'Seçiniz', N'Betonlu', N'Montajlý', N'', N'', NULL, N'', N'')
INSERT [dbo].[SIPARIS] ([ID], [SIPARISNO], [SIPARISTARIH], [BAYIADI], [MUSTERIAD], [MUSTERISOYAD], [MUSTERIADRES], [MUSTERIIL], [MUSTERIILCE], [MUSTERIEVTEL], [MUSTERIISTEL], [MUSTERICEPTEL], [ICKAPIMODEL], [DISKAPIMODEL], [ICKAPIRENK], [KILITSISTEM], [CITA], [ESIK], [ALUMINYUMRENK], [AKSESUARRENK], [CONTARENK], [TACTIP], [PERVAZTIP], [CEKMEKOLU], [KAPINO], [BARELTIP], [BABA], [DURBUN], [TAKTAK], [MONTAJDATAKILACAK], [OLCUMBILGI], [OLCUMTARIH], [OLCUMALANKISI], [MONTAJSEKLI], [TESLIMSEKLI], [PESINAT], [KALANODEME], [FIYAT], [VERGIDAIRESI], [VERGINUMARASI]) VALUES (13, N'N-5', CAST(0x0000A3940102614F AS DateTime), N'sad', N'ayhan', N'aydda', N'sdsd asdfsf', N'ÇORUM', N'BAYAT ', N'1111111111', N'1111111111', N'1111111111', N'101', N'101', N'Porte Ceviz', N'Seçiniz', N'Seçiniz', N'Seçiniz', N'Seçiniz', N'Seçiniz', N'Seçiniz', N'Seçiniz', N'Seçiniz', N'', N'', N'', N'Seçiniz', N'Seçiniz', N'Seçiniz', N'', N'zsdaf as', CAST(0xDA380B00 AS Date), N'Seçiniz', N'Betonlu', N'Montajlý', N'', N'', NULL, N'', N'')
INSERT [dbo].[SIPARIS] ([ID], [SIPARISNO], [SIPARISTARIH], [BAYIADI], [MUSTERIAD], [MUSTERISOYAD], [MUSTERIADRES], [MUSTERIIL], [MUSTERIILCE], [MUSTERIEVTEL], [MUSTERIISTEL], [MUSTERICEPTEL], [ICKAPIMODEL], [DISKAPIMODEL], [ICKAPIRENK], [KILITSISTEM], [CITA], [ESIK], [ALUMINYUMRENK], [AKSESUARRENK], [CONTARENK], [TACTIP], [PERVAZTIP], [CEKMEKOLU], [KAPINO], [BARELTIP], [BABA], [DURBUN], [TAKTAK], [MONTAJDATAKILACAK], [OLCUMBILGI], [OLCUMTARIH], [OLCUMALANKISI], [MONTAJSEKLI], [TESLIMSEKLI], [PESINAT], [KALANODEME], [FIYAT], [VERGIDAIRESI], [VERGINUMARASI]) VALUES (14, N'N-6', CAST(0x0000A394018708D7 AS DateTime), N'ibo', N'NEJLA', N'GÜNER', N'SADSA ADAS', N'ÇANKIRI', N'ÞABANÖZÜ', N'1111111111', N'1111111111', N'1111111111', N'101', N'102', N'Venge', N'Mottura 17''li', N'H-Eloksal', N'Carmen Red', N'Seçiniz', N'Saten', N'Seçiniz', N'Seçiniz', N'Seçiniz', N'ASD', N'9', N'AF', N'Var', N'Var', N'Yok', N'', N'ASFDASF', CAST(0xD9380B00 AS Date), N'Seçiniz', N'Betonlu', N'Sevk', N'1233', N'500', NULL, N'AD', N'12123')
INSERT [dbo].[SIPARIS] ([ID], [SIPARISNO], [SIPARISTARIH], [BAYIADI], [MUSTERIAD], [MUSTERISOYAD], [MUSTERIADRES], [MUSTERIIL], [MUSTERIILCE], [MUSTERIEVTEL], [MUSTERIISTEL], [MUSTERICEPTEL], [ICKAPIMODEL], [DISKAPIMODEL], [ICKAPIRENK], [KILITSISTEM], [CITA], [ESIK], [ALUMINYUMRENK], [AKSESUARRENK], [CONTARENK], [TACTIP], [PERVAZTIP], [CEKMEKOLU], [KAPINO], [BARELTIP], [BABA], [DURBUN], [TAKTAK], [MONTAJDATAKILACAK], [OLCUMBILGI], [OLCUMTARIH], [OLCUMALANKISI], [MONTAJSEKLI], [TESLIMSEKLI], [PESINAT], [KALANODEME], [FIYAT], [VERGIDAIRESI], [VERGINUMARASI]) VALUES (15, N'N-7', CAST(0x0000A3940188474A AS DateTime), N'SDFSDF', N'SDF', N'SDFSDF', N'SFSDF', N'ÇORUM', N'UÐURLUDAÐ', N'1111111111', N'1111111111', N'1111111111', N'102', N'101', N'Soke Ceviz', N'Multlock 15''li', N'H-Siyah', N'Siyah', N'Seçiniz', N'Pirinç', N'Seçiniz', N'Seçiniz', N'Seçiniz', N'', N'', N'', N'Yok', N'Var', N'Var', N'SFSAF', N'', CAST(0xD8380B00 AS Date), N'Seçiniz', N'Köpüklü', N'Montajlý', N'', N'', NULL, N'', N'')
INSERT [dbo].[SIPARIS] ([ID], [SIPARISNO], [SIPARISTARIH], [BAYIADI], [MUSTERIAD], [MUSTERISOYAD], [MUSTERIADRES], [MUSTERIIL], [MUSTERIILCE], [MUSTERIEVTEL], [MUSTERIISTEL], [MUSTERICEPTEL], [ICKAPIMODEL], [DISKAPIMODEL], [ICKAPIRENK], [KILITSISTEM], [CITA], [ESIK], [ALUMINYUMRENK], [AKSESUARRENK], [CONTARENK], [TACTIP], [PERVAZTIP], [CEKMEKOLU], [KAPINO], [BARELTIP], [BABA], [DURBUN], [TAKTAK], [MONTAJDATAKILACAK], [OLCUMBILGI], [OLCUMTARIH], [OLCUMALANKISI], [MONTAJSEKLI], [TESLIMSEKLI], [PESINAT], [KALANODEME], [FIYAT], [VERGIDAIRESI], [VERGINUMARASI]) VALUES (10, N'N-2', CAST(0x0000A39400B42739 AS DateTime), N'saasf', N'asf', N'asf', N'asf', N'ÇORUM', N'UÐURLUDAÐ', N'1111111111', N'1111111111', N'', N'101', N'102', N'Amerikan Ceviz', N'Seçiniz', N'Seçiniz', N'Seçiniz', N'Seçiniz', N'Seçiniz', N'Seçiniz', N'Seçiniz', N'Seçiniz', N'', N'', N'', N'Seçiniz', N'Seçiniz', N'Seçiniz', N'sfsdfsd', N'sdfsd', CAST(0xD4380B00 AS Date), N'Seçiniz', N'Betonlu', N'Montajlý', N'', N'', NULL, N'', N'')
SET IDENTITY_INSERT [dbo].[SIPARIS] OFF
/****** Object:  Table [dbo].[REF_TESLIMSEKLI]    Script Date: 09/04/2014 22:33:17 ******/
SET ANSI_NULLS ON
GO
SET QUOTED_IDENTIFIER ON
GO
SET ANSI_PADDING ON
GO
IF NOT EXISTS (SELECT * FROM sys.objects WHERE object_id = OBJECT_ID(N'[dbo].[REF_TESLIMSEKLI]') AND type in (N'U'))
BEGIN
CREATE TABLE [dbo].[REF_TESLIMSEKLI](
	[ID] [int] IDENTITY(1,1) NOT NULL,
	[AD] [varchar](50) NOT NULL,
	[NOVA] [bit] NOT NULL,
	[KROMA] [bit] NOT NULL,
	[GUARD] [bit] NOT NULL,
 CONSTRAINT [PK_REF_TESLIMSEKLI] PRIMARY KEY CLUSTERED 
(
	[ID] ASC
)WITH (PAD_INDEX  = OFF, STATISTICS_NORECOMPUTE  = OFF, IGNORE_DUP_KEY = OFF, ALLOW_ROW_LOCKS  = ON, ALLOW_PAGE_LOCKS  = ON) ON [PRIMARY]
) ON [PRIMARY]
END
GO
SET ANSI_PADDING OFF
GO
SET IDENTITY_INSERT [dbo].[REF_TESLIMSEKLI] ON
INSERT [dbo].[REF_TESLIMSEKLI] ([ID], [AD], [NOVA], [KROMA], [GUARD]) VALUES (1, N'Montajlý', 1, 1, 1)
INSERT [dbo].[REF_TESLIMSEKLI] ([ID], [AD], [NOVA], [KROMA], [GUARD]) VALUES (2, N'Sevk', 1, 1, 1)
SET IDENTITY_INSERT [dbo].[REF_TESLIMSEKLI] OFF
/****** Object:  Table [dbo].[REF_TACTIP]    Script Date: 09/04/2014 22:33:17 ******/
SET ANSI_NULLS ON
GO
SET QUOTED_IDENTIFIER ON
GO
SET ANSI_PADDING ON
GO
IF NOT EXISTS (SELECT * FROM sys.objects WHERE object_id = OBJECT_ID(N'[dbo].[REF_TACTIP]') AND type in (N'U'))
BEGIN
CREATE TABLE [dbo].[REF_TACTIP](
	[ID] [int] IDENTITY(1,1) NOT NULL,
	[AD] [varchar](50) NOT NULL,
	[NOVA] [bit] NOT NULL,
	[KROMA] [bit] NOT NULL,
	[GUARD] [bit] NOT NULL,
 CONSTRAINT [PK_REF_TACTIP] PRIMARY KEY CLUSTERED 
(
	[ID] ASC
)WITH (PAD_INDEX  = OFF, STATISTICS_NORECOMPUTE  = OFF, IGNORE_DUP_KEY = OFF, ALLOW_ROW_LOCKS  = ON, ALLOW_PAGE_LOCKS  = ON) ON [PRIMARY]
) ON [PRIMARY]
END
GO
SET ANSI_PADDING OFF
GO
SET IDENTITY_INSERT [dbo].[REF_TACTIP] ON
INSERT [dbo].[REF_TACTIP] ([ID], [AD], [NOVA], [KROMA], [GUARD]) VALUES (1, N'T1', 0, 0, 1)
INSERT [dbo].[REF_TACTIP] ([ID], [AD], [NOVA], [KROMA], [GUARD]) VALUES (2, N'T2', 0, 0, 1)
INSERT [dbo].[REF_TACTIP] ([ID], [AD], [NOVA], [KROMA], [GUARD]) VALUES (3, N'T3', 0, 0, 1)
SET IDENTITY_INSERT [dbo].[REF_TACTIP] OFF
/****** Object:  Table [dbo].[REF_TABLOLAR]    Script Date: 09/04/2014 22:33:17 ******/
SET ANSI_NULLS ON
GO
SET QUOTED_IDENTIFIER ON
GO
SET ANSI_PADDING ON
GO
IF NOT EXISTS (SELECT * FROM sys.objects WHERE object_id = OBJECT_ID(N'[dbo].[REF_TABLOLAR]') AND type in (N'U'))
BEGIN
CREATE TABLE [dbo].[REF_TABLOLAR](
	[ID] [int] IDENTITY(1,1) NOT NULL,
	[AD] [varchar](50) NOT NULL,
	[TABLO] [varchar](50) NOT NULL,
 CONSTRAINT [PK_REF_TABLOLAR] PRIMARY KEY CLUSTERED 
(
	[ID] ASC
)WITH (PAD_INDEX  = OFF, STATISTICS_NORECOMPUTE  = OFF, IGNORE_DUP_KEY = OFF, ALLOW_ROW_LOCKS  = ON, ALLOW_PAGE_LOCKS  = ON) ON [PRIMARY]
) ON [PRIMARY]
END
GO
SET ANSI_PADDING OFF
GO
SET IDENTITY_INSERT [dbo].[REF_TABLOLAR] ON
INSERT [dbo].[REF_TABLOLAR] ([ID], [AD], [TABLO]) VALUES (1, N'KAPI MODELÝ', N'REF_KAPIMODEL')
INSERT [dbo].[REF_TABLOLAR] ([ID], [AD], [TABLO]) VALUES (2, N'KAPI RENGÝ', N'REF_KAPIRENK')
INSERT [dbo].[REF_TABLOLAR] ([ID], [AD], [TABLO]) VALUES (3, N'KÝLÝT SÝSTEMÝ', N'REF_KILITSISTEM')
INSERT [dbo].[REF_TABLOLAR] ([ID], [AD], [TABLO]) VALUES (4, N'ÇITA', N'REF_CITA')
INSERT [dbo].[REF_TABLOLAR] ([ID], [AD], [TABLO]) VALUES (5, N'EÞÝK', N'REF_ESIK')
INSERT [dbo].[REF_TABLOLAR] ([ID], [AD], [TABLO]) VALUES (6, N'AKSESUAR RENGÝ', N'REF_AKSESUARRENK')
INSERT [dbo].[REF_TABLOLAR] ([ID], [AD], [TABLO]) VALUES (7, N'ALUMÝNYUM RENGÝ', N'REF_ALUMINYUMRENK')
INSERT [dbo].[REF_TABLOLAR] ([ID], [AD], [TABLO]) VALUES (8, N'CONTA RENGÝ', N'REF_CONTARENK')
INSERT [dbo].[REF_TABLOLAR] ([ID], [AD], [TABLO]) VALUES (9, N'TAÇ TÝP', N'REF_TACTIP')
INSERT [dbo].[REF_TABLOLAR] ([ID], [AD], [TABLO]) VALUES (10, N'PERVAZ TÝPÝ', N'REF_PERVAZTIP')
INSERT [dbo].[REF_TABLOLAR] ([ID], [AD], [TABLO]) VALUES (11, N'MONTAJ ÞEKLÝ', N'REF_MONTAJSEKLI')
INSERT [dbo].[REF_TABLOLAR] ([ID], [AD], [TABLO]) VALUES (12, N'TESLÝM ÞEKLÝ', N'REF_TESLIMSEKLI')
SET IDENTITY_INSERT [dbo].[REF_TABLOLAR] OFF
/****** Object:  Table [dbo].[REF_PERVAZTIP]    Script Date: 09/04/2014 22:33:17 ******/
SET ANSI_NULLS ON
GO
SET QUOTED_IDENTIFIER ON
GO
SET ANSI_PADDING ON
GO
IF NOT EXISTS (SELECT * FROM sys.objects WHERE object_id = OBJECT_ID(N'[dbo].[REF_PERVAZTIP]') AND type in (N'U'))
BEGIN
CREATE TABLE [dbo].[REF_PERVAZTIP](
	[ID] [int] IDENTITY(1,1) NOT NULL,
	[AD] [varchar](50) NOT NULL,
	[NOVA] [bit] NOT NULL,
	[KROMA] [bit] NOT NULL,
	[GUARD] [bit] NOT NULL,
 CONSTRAINT [PK_REF_PERVAZTIP] PRIMARY KEY CLUSTERED 
(
	[ID] ASC
)WITH (PAD_INDEX  = OFF, STATISTICS_NORECOMPUTE  = OFF, IGNORE_DUP_KEY = OFF, ALLOW_ROW_LOCKS  = ON, ALLOW_PAGE_LOCKS  = ON) ON [PRIMARY]
) ON [PRIMARY]
END
GO
SET ANSI_PADDING OFF
GO
SET IDENTITY_INSERT [dbo].[REF_PERVAZTIP] ON
INSERT [dbo].[REF_PERVAZTIP] ([ID], [AD], [NOVA], [KROMA], [GUARD]) VALUES (1, N'P1', 0, 0, 1)
INSERT [dbo].[REF_PERVAZTIP] ([ID], [AD], [NOVA], [KROMA], [GUARD]) VALUES (2, N'P2', 0, 0, 1)
INSERT [dbo].[REF_PERVAZTIP] ([ID], [AD], [NOVA], [KROMA], [GUARD]) VALUES (3, N'P3', 0, 0, 1)
SET IDENTITY_INSERT [dbo].[REF_PERVAZTIP] OFF
/****** Object:  Table [dbo].[REF_MONTAJSEKLI]    Script Date: 09/04/2014 22:33:17 ******/
SET ANSI_NULLS ON
GO
SET QUOTED_IDENTIFIER ON
GO
SET ANSI_PADDING ON
GO
IF NOT EXISTS (SELECT * FROM sys.objects WHERE object_id = OBJECT_ID(N'[dbo].[REF_MONTAJSEKLI]') AND type in (N'U'))
BEGIN
CREATE TABLE [dbo].[REF_MONTAJSEKLI](
	[ID] [int] IDENTITY(1,1) NOT NULL,
	[AD] [varchar](50) NOT NULL,
	[NOVA] [bit] NOT NULL,
	[KROMA] [bit] NOT NULL,
	[GUARD] [bit] NOT NULL,
 CONSTRAINT [PK_REF_MONTAJSEKLI] PRIMARY KEY CLUSTERED 
(
	[ID] ASC
)WITH (PAD_INDEX  = OFF, STATISTICS_NORECOMPUTE  = OFF, IGNORE_DUP_KEY = OFF, ALLOW_ROW_LOCKS  = ON, ALLOW_PAGE_LOCKS  = ON) ON [PRIMARY]
) ON [PRIMARY]
END
GO
SET ANSI_PADDING OFF
GO
SET IDENTITY_INSERT [dbo].[REF_MONTAJSEKLI] ON
INSERT [dbo].[REF_MONTAJSEKLI] ([ID], [AD], [NOVA], [KROMA], [GUARD]) VALUES (1, N'Betonlu', 1, 1, 1)
INSERT [dbo].[REF_MONTAJSEKLI] ([ID], [AD], [NOVA], [KROMA], [GUARD]) VALUES (2, N'Vidalý', 1, 1, 1)
INSERT [dbo].[REF_MONTAJSEKLI] ([ID], [AD], [NOVA], [KROMA], [GUARD]) VALUES (3, N'Köpüklü', 1, 1, 1)
SET IDENTITY_INSERT [dbo].[REF_MONTAJSEKLI] OFF
/****** Object:  Table [dbo].[REF_KILITSISTEM]    Script Date: 09/04/2014 22:33:17 ******/
SET ANSI_NULLS ON
GO
SET QUOTED_IDENTIFIER ON
GO
SET ANSI_PADDING ON
GO
IF NOT EXISTS (SELECT * FROM sys.objects WHERE object_id = OBJECT_ID(N'[dbo].[REF_KILITSISTEM]') AND type in (N'U'))
BEGIN
CREATE TABLE [dbo].[REF_KILITSISTEM](
	[ID] [int] IDENTITY(1,1) NOT NULL,
	[AD] [varchar](50) NOT NULL,
	[NOVA] [bit] NOT NULL,
	[KROMA] [bit] NOT NULL,
	[GUARD] [bit] NOT NULL,
 CONSTRAINT [PK_REF_KILITSISTEM] PRIMARY KEY CLUSTERED 
(
	[ID] ASC
)WITH (PAD_INDEX  = OFF, STATISTICS_NORECOMPUTE  = OFF, IGNORE_DUP_KEY = OFF, ALLOW_ROW_LOCKS  = ON, ALLOW_PAGE_LOCKS  = ON) ON [PRIMARY]
) ON [PRIMARY]
END
GO
SET ANSI_PADDING OFF
GO
SET IDENTITY_INSERT [dbo].[REF_KILITSISTEM] ON
INSERT [dbo].[REF_KILITSISTEM] ([ID], [AD], [NOVA], [KROMA], [GUARD]) VALUES (2, N'Kale 6''lý', 1, 1, 0)
INSERT [dbo].[REF_KILITSISTEM] ([ID], [AD], [NOVA], [KROMA], [GUARD]) VALUES (3, N'Kale 14''lü', 1, 1, 0)
INSERT [dbo].[REF_KILITSISTEM] ([ID], [AD], [NOVA], [KROMA], [GUARD]) VALUES (4, N'Multi 14''lü', 0, 0, 1)
INSERT [dbo].[REF_KILITSISTEM] ([ID], [AD], [NOVA], [KROMA], [GUARD]) VALUES (5, N'Multlock 15''li', 1, 1, 0)
INSERT [dbo].[REF_KILITSISTEM] ([ID], [AD], [NOVA], [KROMA], [GUARD]) VALUES (6, N'Mottura 17''li', 1, 1, 1)
INSERT [dbo].[REF_KILITSISTEM] ([ID], [AD], [NOVA], [KROMA], [GUARD]) VALUES (7, N'Moturra 21''li', 1, 1, 1)
INSERT [dbo].[REF_KILITSISTEM] ([ID], [AD], [NOVA], [KROMA], [GUARD]) VALUES (8, N'Moturra 24''lü', 1, 1, 1)
SET IDENTITY_INSERT [dbo].[REF_KILITSISTEM] OFF
/****** Object:  Table [dbo].[REF_KAPISERI]    Script Date: 09/04/2014 22:33:17 ******/
SET ANSI_NULLS ON
GO
SET QUOTED_IDENTIFIER ON
GO
SET ANSI_PADDING ON
GO
IF NOT EXISTS (SELECT * FROM sys.objects WHERE object_id = OBJECT_ID(N'[dbo].[REF_KAPISERI]') AND type in (N'U'))
BEGIN
CREATE TABLE [dbo].[REF_KAPISERI](
	[ID] [int] IDENTITY(1,1) NOT NULL,
	[AD] [varchar](50) NOT NULL,
 CONSTRAINT [PK_REF_KAPISERI] PRIMARY KEY CLUSTERED 
(
	[ID] ASC
)WITH (PAD_INDEX  = OFF, STATISTICS_NORECOMPUTE  = OFF, IGNORE_DUP_KEY = OFF, ALLOW_ROW_LOCKS  = ON, ALLOW_PAGE_LOCKS  = ON) ON [PRIMARY]
) ON [PRIMARY]
END
GO
SET ANSI_PADDING OFF
GO
SET IDENTITY_INSERT [dbo].[REF_KAPISERI] ON
INSERT [dbo].[REF_KAPISERI] ([ID], [AD]) VALUES (1, N'GUARD')
INSERT [dbo].[REF_KAPISERI] ([ID], [AD]) VALUES (2, N'KROMA')
INSERT [dbo].[REF_KAPISERI] ([ID], [AD]) VALUES (3, N'NOVA')
SET IDENTITY_INSERT [dbo].[REF_KAPISERI] OFF
/****** Object:  Table [dbo].[REF_KAPIRENK]    Script Date: 09/04/2014 22:33:17 ******/
SET ANSI_NULLS ON
GO
SET QUOTED_IDENTIFIER ON
GO
SET ANSI_PADDING ON
GO
IF NOT EXISTS (SELECT * FROM sys.objects WHERE object_id = OBJECT_ID(N'[dbo].[REF_KAPIRENK]') AND type in (N'U'))
BEGIN
CREATE TABLE [dbo].[REF_KAPIRENK](
	[ID] [int] IDENTITY(1,1) NOT NULL,
	[AD] [varchar](50) NOT NULL,
	[NOVA] [bit] NOT NULL,
	[KROMA] [bit] NOT NULL,
	[GUARD] [bit] NOT NULL,
 CONSTRAINT [PK_REF_KAPIRENK] PRIMARY KEY CLUSTERED 
(
	[ID] ASC
)WITH (PAD_INDEX  = OFF, STATISTICS_NORECOMPUTE  = OFF, IGNORE_DUP_KEY = OFF, ALLOW_ROW_LOCKS  = ON, ALLOW_PAGE_LOCKS  = ON) ON [PRIMARY]
) ON [PRIMARY]
END
GO
SET ANSI_PADDING OFF
GO
SET IDENTITY_INSERT [dbo].[REF_KAPIRENK] ON
INSERT [dbo].[REF_KAPIRENK] ([ID], [AD], [NOVA], [KROMA], [GUARD]) VALUES (1, N'Amerikan Ceviz', 1, 1, 1)
INSERT [dbo].[REF_KAPIRENK] ([ID], [AD], [NOVA], [KROMA], [GUARD]) VALUES (2, N'Karaaðaç', 1, 1, 1)
INSERT [dbo].[REF_KAPIRENK] ([ID], [AD], [NOVA], [KROMA], [GUARD]) VALUES (3, N'Porte Ceviz', 1, 1, 1)
INSERT [dbo].[REF_KAPIRENK] ([ID], [AD], [NOVA], [KROMA], [GUARD]) VALUES (4, N'Soke Ceviz', 1, 1, 1)
INSERT [dbo].[REF_KAPIRENK] ([ID], [AD], [NOVA], [KROMA], [GUARD]) VALUES (5, N'Tik', 1, 1, 1)
INSERT [dbo].[REF_KAPIRENK] ([ID], [AD], [NOVA], [KROMA], [GUARD]) VALUES (6, N'Avrupa Tik', 1, 1, 1)
INSERT [dbo].[REF_KAPIRENK] ([ID], [AD], [NOVA], [KROMA], [GUARD]) VALUES (7, N'Venge', 1, 1, 1)
INSERT [dbo].[REF_KAPIRENK] ([ID], [AD], [NOVA], [KROMA], [GUARD]) VALUES (9, N'Kenya Silver', 1, 1, 0)
SET IDENTITY_INSERT [dbo].[REF_KAPIRENK] OFF
/****** Object:  Table [dbo].[REF_KAPIMODEL]    Script Date: 09/04/2014 22:33:17 ******/
SET ANSI_NULLS ON
GO
SET QUOTED_IDENTIFIER ON
GO
SET ANSI_PADDING ON
GO
IF NOT EXISTS (SELECT * FROM sys.objects WHERE object_id = OBJECT_ID(N'[dbo].[REF_KAPIMODEL]') AND type in (N'U'))
BEGIN
CREATE TABLE [dbo].[REF_KAPIMODEL](
	[ID] [int] IDENTITY(1,1) NOT NULL,
	[KAPISERIID] [int] NOT NULL,
	[AD] [varchar](50) NOT NULL,
 CONSTRAINT [PK_REF_KAPIMODEL] PRIMARY KEY CLUSTERED 
(
	[ID] ASC
)WITH (PAD_INDEX  = OFF, STATISTICS_NORECOMPUTE  = OFF, IGNORE_DUP_KEY = OFF, ALLOW_ROW_LOCKS  = ON, ALLOW_PAGE_LOCKS  = ON) ON [PRIMARY]
) ON [PRIMARY]
END
GO
SET ANSI_PADDING OFF
GO
SET IDENTITY_INSERT [dbo].[REF_KAPIMODEL] ON
INSERT [dbo].[REF_KAPIMODEL] ([ID], [KAPISERIID], [AD]) VALUES (1, 1, N'101')
INSERT [dbo].[REF_KAPIMODEL] ([ID], [KAPISERIID], [AD]) VALUES (2, 1, N'102')
INSERT [dbo].[REF_KAPIMODEL] ([ID], [KAPISERIID], [AD]) VALUES (3, 1, N'103')
INSERT [dbo].[REF_KAPIMODEL] ([ID], [KAPISERIID], [AD]) VALUES (4, 1, N'104')
INSERT [dbo].[REF_KAPIMODEL] ([ID], [KAPISERIID], [AD]) VALUES (5, 2, N'601')
INSERT [dbo].[REF_KAPIMODEL] ([ID], [KAPISERIID], [AD]) VALUES (6, 2, N'602')
INSERT [dbo].[REF_KAPIMODEL] ([ID], [KAPISERIID], [AD]) VALUES (7, 2, N'603')
INSERT [dbo].[REF_KAPIMODEL] ([ID], [KAPISERIID], [AD]) VALUES (8, 2, N'604')
INSERT [dbo].[REF_KAPIMODEL] ([ID], [KAPISERIID], [AD]) VALUES (9, 2, N'605')
INSERT [dbo].[REF_KAPIMODEL] ([ID], [KAPISERIID], [AD]) VALUES (10, 2, N'606')
INSERT [dbo].[REF_KAPIMODEL] ([ID], [KAPISERIID], [AD]) VALUES (11, 2, N'607')
INSERT [dbo].[REF_KAPIMODEL] ([ID], [KAPISERIID], [AD]) VALUES (12, 2, N'608')
INSERT [dbo].[REF_KAPIMODEL] ([ID], [KAPISERIID], [AD]) VALUES (13, 2, N'609')
INSERT [dbo].[REF_KAPIMODEL] ([ID], [KAPISERIID], [AD]) VALUES (14, 2, N'610')
INSERT [dbo].[REF_KAPIMODEL] ([ID], [KAPISERIID], [AD]) VALUES (15, 2, N'611')
INSERT [dbo].[REF_KAPIMODEL] ([ID], [KAPISERIID], [AD]) VALUES (16, 2, N'612')
INSERT [dbo].[REF_KAPIMODEL] ([ID], [KAPISERIID], [AD]) VALUES (17, 3, N'801')
INSERT [dbo].[REF_KAPIMODEL] ([ID], [KAPISERIID], [AD]) VALUES (18, 3, N'802')
INSERT [dbo].[REF_KAPIMODEL] ([ID], [KAPISERIID], [AD]) VALUES (19, 3, N'803')
INSERT [dbo].[REF_KAPIMODEL] ([ID], [KAPISERIID], [AD]) VALUES (20, 3, N'804')
INSERT [dbo].[REF_KAPIMODEL] ([ID], [KAPISERIID], [AD]) VALUES (24, 3, N'805')
SET IDENTITY_INSERT [dbo].[REF_KAPIMODEL] OFF
/****** Object:  Table [dbo].[REF_ILLER]    Script Date: 09/04/2014 22:33:17 ******/
SET ANSI_NULLS ON
GO
SET QUOTED_IDENTIFIER ON
GO
SET ANSI_PADDING ON
GO
IF NOT EXISTS (SELECT * FROM sys.objects WHERE object_id = OBJECT_ID(N'[dbo].[REF_ILLER]') AND type in (N'U'))
BEGIN
CREATE TABLE [dbo].[REF_ILLER](
	[ILKOD] [varchar](2) NOT NULL,
	[ILAD] [varchar](50) NULL,
 CONSTRAINT [PK_REF_ILLER] PRIMARY KEY CLUSTERED 
(
	[ILKOD] ASC
)WITH (PAD_INDEX  = OFF, STATISTICS_NORECOMPUTE  = OFF, IGNORE_DUP_KEY = OFF, ALLOW_ROW_LOCKS  = ON, ALLOW_PAGE_LOCKS  = ON) ON [PRIMARY]
) ON [PRIMARY]
END
GO
SET ANSI_PADDING OFF
GO
INSERT [dbo].[REF_ILLER] ([ILKOD], [ILAD]) VALUES (N'1', N'ADANA')
INSERT [dbo].[REF_ILLER] ([ILKOD], [ILAD]) VALUES (N'10', N'BALIKESÝR')
INSERT [dbo].[REF_ILLER] ([ILKOD], [ILAD]) VALUES (N'11', N'BÝLECÝK')
INSERT [dbo].[REF_ILLER] ([ILKOD], [ILAD]) VALUES (N'12', N'BÝNGÖL')
INSERT [dbo].[REF_ILLER] ([ILKOD], [ILAD]) VALUES (N'13', N'BÝTLÝS')
INSERT [dbo].[REF_ILLER] ([ILKOD], [ILAD]) VALUES (N'14', N'BOLU')
INSERT [dbo].[REF_ILLER] ([ILKOD], [ILAD]) VALUES (N'15', N'BURDUR')
INSERT [dbo].[REF_ILLER] ([ILKOD], [ILAD]) VALUES (N'16', N'BURSA')
INSERT [dbo].[REF_ILLER] ([ILKOD], [ILAD]) VALUES (N'17', N'ÇANAKKALE')
INSERT [dbo].[REF_ILLER] ([ILKOD], [ILAD]) VALUES (N'18', N'ÇANKIRI')
INSERT [dbo].[REF_ILLER] ([ILKOD], [ILAD]) VALUES (N'19', N'ÇORUM')
INSERT [dbo].[REF_ILLER] ([ILKOD], [ILAD]) VALUES (N'2', N'ADIYAMAN')
INSERT [dbo].[REF_ILLER] ([ILKOD], [ILAD]) VALUES (N'20', N'DENÝZLÝ')
INSERT [dbo].[REF_ILLER] ([ILKOD], [ILAD]) VALUES (N'21', N'DÝYARBAKIR')
INSERT [dbo].[REF_ILLER] ([ILKOD], [ILAD]) VALUES (N'22', N'EDÝRNE')
INSERT [dbo].[REF_ILLER] ([ILKOD], [ILAD]) VALUES (N'23', N'ELAZIÐ')
INSERT [dbo].[REF_ILLER] ([ILKOD], [ILAD]) VALUES (N'24', N'ERZÝNCAN')
INSERT [dbo].[REF_ILLER] ([ILKOD], [ILAD]) VALUES (N'25', N'ERZURUM')
INSERT [dbo].[REF_ILLER] ([ILKOD], [ILAD]) VALUES (N'26', N'ESKÝÞEHÝR')
INSERT [dbo].[REF_ILLER] ([ILKOD], [ILAD]) VALUES (N'27', N'GAZÝANTEP')
INSERT [dbo].[REF_ILLER] ([ILKOD], [ILAD]) VALUES (N'28', N'GÝRESUN')
INSERT [dbo].[REF_ILLER] ([ILKOD], [ILAD]) VALUES (N'29', N'GÜMÜÞHANE')
INSERT [dbo].[REF_ILLER] ([ILKOD], [ILAD]) VALUES (N'3', N'AFYON')
INSERT [dbo].[REF_ILLER] ([ILKOD], [ILAD]) VALUES (N'30', N'HAKKARÝ')
INSERT [dbo].[REF_ILLER] ([ILKOD], [ILAD]) VALUES (N'31', N'HATAY')
INSERT [dbo].[REF_ILLER] ([ILKOD], [ILAD]) VALUES (N'32', N'ISPARTA')
INSERT [dbo].[REF_ILLER] ([ILKOD], [ILAD]) VALUES (N'33', N'MERSÝN')
INSERT [dbo].[REF_ILLER] ([ILKOD], [ILAD]) VALUES (N'34', N'ÝSTANBUL')
INSERT [dbo].[REF_ILLER] ([ILKOD], [ILAD]) VALUES (N'35', N'ÝZMÝR')
INSERT [dbo].[REF_ILLER] ([ILKOD], [ILAD]) VALUES (N'36', N'KARS')
INSERT [dbo].[REF_ILLER] ([ILKOD], [ILAD]) VALUES (N'37', N'KASTAMONU')
INSERT [dbo].[REF_ILLER] ([ILKOD], [ILAD]) VALUES (N'38', N'KAYSERÝ')
INSERT [dbo].[REF_ILLER] ([ILKOD], [ILAD]) VALUES (N'39', N'KIRKLARELÝ')
INSERT [dbo].[REF_ILLER] ([ILKOD], [ILAD]) VALUES (N'4', N'AÐRI')
INSERT [dbo].[REF_ILLER] ([ILKOD], [ILAD]) VALUES (N'40', N'KIRÞEHÝR')
INSERT [dbo].[REF_ILLER] ([ILKOD], [ILAD]) VALUES (N'41', N'KOCAELÝ')
INSERT [dbo].[REF_ILLER] ([ILKOD], [ILAD]) VALUES (N'42', N'KONYA')
INSERT [dbo].[REF_ILLER] ([ILKOD], [ILAD]) VALUES (N'43', N'KÜTAHYA')
INSERT [dbo].[REF_ILLER] ([ILKOD], [ILAD]) VALUES (N'44', N'MALATYA')
INSERT [dbo].[REF_ILLER] ([ILKOD], [ILAD]) VALUES (N'45', N'MANÝSA')
INSERT [dbo].[REF_ILLER] ([ILKOD], [ILAD]) VALUES (N'46', N'KAHRAMANMARAÞ')
INSERT [dbo].[REF_ILLER] ([ILKOD], [ILAD]) VALUES (N'47', N'MARDÝN')
INSERT [dbo].[REF_ILLER] ([ILKOD], [ILAD]) VALUES (N'48', N'MUÐLA')
INSERT [dbo].[REF_ILLER] ([ILKOD], [ILAD]) VALUES (N'49', N'MUÞ')
INSERT [dbo].[REF_ILLER] ([ILKOD], [ILAD]) VALUES (N'5', N'AMASYA')
INSERT [dbo].[REF_ILLER] ([ILKOD], [ILAD]) VALUES (N'50', N'NEVÞEHÝR')
INSERT [dbo].[REF_ILLER] ([ILKOD], [ILAD]) VALUES (N'51', N'NÝÐDE')
INSERT [dbo].[REF_ILLER] ([ILKOD], [ILAD]) VALUES (N'52', N'ORDU')
INSERT [dbo].[REF_ILLER] ([ILKOD], [ILAD]) VALUES (N'53', N'RÝZE')
INSERT [dbo].[REF_ILLER] ([ILKOD], [ILAD]) VALUES (N'54', N'SAKARYA')
INSERT [dbo].[REF_ILLER] ([ILKOD], [ILAD]) VALUES (N'55', N'SAMSUN')
INSERT [dbo].[REF_ILLER] ([ILKOD], [ILAD]) VALUES (N'56', N'SÝÝRT')
INSERT [dbo].[REF_ILLER] ([ILKOD], [ILAD]) VALUES (N'57', N'SÝNOP')
INSERT [dbo].[REF_ILLER] ([ILKOD], [ILAD]) VALUES (N'58', N'SÝVAS')
INSERT [dbo].[REF_ILLER] ([ILKOD], [ILAD]) VALUES (N'59', N'TEKÝRDAÐ')
INSERT [dbo].[REF_ILLER] ([ILKOD], [ILAD]) VALUES (N'6', N'ANKARA')
INSERT [dbo].[REF_ILLER] ([ILKOD], [ILAD]) VALUES (N'60', N'TOKAT')
INSERT [dbo].[REF_ILLER] ([ILKOD], [ILAD]) VALUES (N'61', N'TRABZON')
INSERT [dbo].[REF_ILLER] ([ILKOD], [ILAD]) VALUES (N'62', N'TUNCELÝ')
INSERT [dbo].[REF_ILLER] ([ILKOD], [ILAD]) VALUES (N'63', N'ÞANLIURFA')
INSERT [dbo].[REF_ILLER] ([ILKOD], [ILAD]) VALUES (N'64', N'UÞAK')
INSERT [dbo].[REF_ILLER] ([ILKOD], [ILAD]) VALUES (N'65', N'VAN')
INSERT [dbo].[REF_ILLER] ([ILKOD], [ILAD]) VALUES (N'66', N'YOZGAT')
INSERT [dbo].[REF_ILLER] ([ILKOD], [ILAD]) VALUES (N'67', N'ZONGULDAK')
INSERT [dbo].[REF_ILLER] ([ILKOD], [ILAD]) VALUES (N'68', N'AKSARAY')
INSERT [dbo].[REF_ILLER] ([ILKOD], [ILAD]) VALUES (N'69', N'BAYBURT')
INSERT [dbo].[REF_ILLER] ([ILKOD], [ILAD]) VALUES (N'7', N'ANTALYA')
INSERT [dbo].[REF_ILLER] ([ILKOD], [ILAD]) VALUES (N'70', N'KARAMAN')
INSERT [dbo].[REF_ILLER] ([ILKOD], [ILAD]) VALUES (N'71', N'KIRIKKALE')
INSERT [dbo].[REF_ILLER] ([ILKOD], [ILAD]) VALUES (N'72', N'BATMAN')
INSERT [dbo].[REF_ILLER] ([ILKOD], [ILAD]) VALUES (N'73', N'ÞIRNAK')
INSERT [dbo].[REF_ILLER] ([ILKOD], [ILAD]) VALUES (N'74', N'BARTIN')
INSERT [dbo].[REF_ILLER] ([ILKOD], [ILAD]) VALUES (N'75', N'ARDAHAN')
INSERT [dbo].[REF_ILLER] ([ILKOD], [ILAD]) VALUES (N'76', N'IÐDIR')
INSERT [dbo].[REF_ILLER] ([ILKOD], [ILAD]) VALUES (N'77', N'YALOVA')
INSERT [dbo].[REF_ILLER] ([ILKOD], [ILAD]) VALUES (N'78', N'KARABÜK')
INSERT [dbo].[REF_ILLER] ([ILKOD], [ILAD]) VALUES (N'79', N'KÝLÝS')
INSERT [dbo].[REF_ILLER] ([ILKOD], [ILAD]) VALUES (N'8', N'ARTVÝN')
INSERT [dbo].[REF_ILLER] ([ILKOD], [ILAD]) VALUES (N'80', N'OSMANÝYE')
INSERT [dbo].[REF_ILLER] ([ILKOD], [ILAD]) VALUES (N'81', N'DÜZCE')
INSERT [dbo].[REF_ILLER] ([ILKOD], [ILAD]) VALUES (N'9', N'AYDIN')
/****** Object:  Table [dbo].[REF_ILCELER]    Script Date: 09/04/2014 22:33:17 ******/
SET ANSI_NULLS ON
GO
SET QUOTED_IDENTIFIER ON
GO
SET ANSI_PADDING ON
GO
IF NOT EXISTS (SELECT * FROM sys.objects WHERE object_id = OBJECT_ID(N'[dbo].[REF_ILCELER]') AND type in (N'U'))
BEGIN
CREATE TABLE [dbo].[REF_ILCELER](
	[PKEY] [int] IDENTITY(1,1) NOT NULL,
	[ILCEAD] [varchar](70) NOT NULL,
	[ILKOD] [varchar](2) NOT NULL,
	[ILAD] [varchar](50) NOT NULL,
 CONSTRAINT [PK_REF_ILCELER] PRIMARY KEY CLUSTERED 
(
	[PKEY] ASC
)WITH (PAD_INDEX  = OFF, STATISTICS_NORECOMPUTE  = OFF, IGNORE_DUP_KEY = OFF, ALLOW_ROW_LOCKS  = ON, ALLOW_PAGE_LOCKS  = ON) ON [PRIMARY]
) ON [PRIMARY]
END
GO
SET ANSI_PADDING OFF
GO
SET IDENTITY_INSERT [dbo].[REF_ILCELER] ON
INSERT [dbo].[REF_ILCELER] ([PKEY], [ILCEAD], [ILKOD], [ILAD]) VALUES (1, N'ABANA', N'37', N'KASTAMONU')
INSERT [dbo].[REF_ILCELER] ([PKEY], [ILCEAD], [ILKOD], [ILAD]) VALUES (2, N'ACIGÖL', N'50', N'NEVÞEHÝR')
INSERT [dbo].[REF_ILCELER] ([PKEY], [ILCEAD], [ILKOD], [ILAD]) VALUES (3, N'ACIPAYAM', N'20', N'DENÝZLÝ')
INSERT [dbo].[REF_ILCELER] ([PKEY], [ILCEAD], [ILKOD], [ILAD]) VALUES (4, N'ADAKLI', N'12', N'BÝNGÖL')
INSERT [dbo].[REF_ILCELER] ([PKEY], [ILCEAD], [ILKOD], [ILAD]) VALUES (5, N'ADALAR', N'34', N'ÝSTANBUL')
INSERT [dbo].[REF_ILCELER] ([PKEY], [ILCEAD], [ILKOD], [ILAD]) VALUES (6, N'ADAPAZARI', N'54', N'SAKARYA')
INSERT [dbo].[REF_ILCELER] ([PKEY], [ILCEAD], [ILKOD], [ILAD]) VALUES (7, N'MERKEZ', N'2', N'ADIYAMAN')
INSERT [dbo].[REF_ILCELER] ([PKEY], [ILCEAD], [ILKOD], [ILAD]) VALUES (8, N'ADÝLCEVAZ', N'13', N'BÝTLÝS')
INSERT [dbo].[REF_ILCELER] ([PKEY], [ILCEAD], [ILKOD], [ILAD]) VALUES (9, N'AFÞÝN', N'46', N'KAHRAMANMARAÞ')
INSERT [dbo].[REF_ILCELER] ([PKEY], [ILCEAD], [ILKOD], [ILAD]) VALUES (10, N'MERKEZ', N'3', N'AFYON')
INSERT [dbo].[REF_ILCELER] ([PKEY], [ILCEAD], [ILKOD], [ILAD]) VALUES (11, N'AÐAÇÖREN', N'68', N'AKSARAY')
INSERT [dbo].[REF_ILCELER] ([PKEY], [ILCEAD], [ILKOD], [ILAD]) VALUES (12, N'AÐIN', N'23', N'ELAZIÐ')
INSERT [dbo].[REF_ILCELER] ([PKEY], [ILCEAD], [ILKOD], [ILAD]) VALUES (13, N'AÐLASUN', N'15', N'BURDUR')
INSERT [dbo].[REF_ILCELER] ([PKEY], [ILCEAD], [ILKOD], [ILAD]) VALUES (14, N'AÐLI', N'37', N'KASTAMONU')
INSERT [dbo].[REF_ILCELER] ([PKEY], [ILCEAD], [ILKOD], [ILAD]) VALUES (15, N'AÐRI MERKEZ', N'4', N'AÐRI')
INSERT [dbo].[REF_ILCELER] ([PKEY], [ILCEAD], [ILKOD], [ILAD]) VALUES (16, N'AHIRLI', N'42', N'KONYA')
INSERT [dbo].[REF_ILCELER] ([PKEY], [ILCEAD], [ILKOD], [ILAD]) VALUES (17, N'AHLAT', N'13', N'BÝTLÝS')
INSERT [dbo].[REF_ILCELER] ([PKEY], [ILCEAD], [ILKOD], [ILAD]) VALUES (18, N'AHMETLÝ', N'45', N'MANÝSA')
INSERT [dbo].[REF_ILCELER] ([PKEY], [ILCEAD], [ILKOD], [ILAD]) VALUES (19, N'AKÇAABAT', N'61', N'TRABZON')
INSERT [dbo].[REF_ILCELER] ([PKEY], [ILCEAD], [ILKOD], [ILAD]) VALUES (20, N'AKÇADAÐ', N'44', N'MALATYA')
INSERT [dbo].[REF_ILCELER] ([PKEY], [ILCEAD], [ILKOD], [ILAD]) VALUES (21, N'AKÇAKALE', N'63', N'ÞANLIURFA')
INSERT [dbo].[REF_ILCELER] ([PKEY], [ILCEAD], [ILKOD], [ILAD]) VALUES (22, N'AKÇAKENT', N'40', N'KIRÞEHÝR')
INSERT [dbo].[REF_ILCELER] ([PKEY], [ILCEAD], [ILKOD], [ILAD]) VALUES (23, N'AKÇAKOCA', N'81', N'DÜZCE')
INSERT [dbo].[REF_ILCELER] ([PKEY], [ILCEAD], [ILKOD], [ILAD]) VALUES (24, N'AKDAÐMADENÝ', N'66', N'YOZGAT')
INSERT [dbo].[REF_ILCELER] ([PKEY], [ILCEAD], [ILKOD], [ILAD]) VALUES (25, N'AKDENÝZ', N'33', N'MERSÝN')
INSERT [dbo].[REF_ILCELER] ([PKEY], [ILCEAD], [ILKOD], [ILAD]) VALUES (26, N'AKHÝSAR', N'45', N'MANÝSA')
INSERT [dbo].[REF_ILCELER] ([PKEY], [ILCEAD], [ILKOD], [ILAD]) VALUES (27, N'AKINCILAR', N'58', N'SÝVAS')
INSERT [dbo].[REF_ILCELER] ([PKEY], [ILCEAD], [ILKOD], [ILAD]) VALUES (28, N'AKKIÞLA', N'38', N'KAYSERÝ')
INSERT [dbo].[REF_ILCELER] ([PKEY], [ILCEAD], [ILKOD], [ILAD]) VALUES (29, N'AKKÖY', N'20', N'DENÝZLÝ')
INSERT [dbo].[REF_ILCELER] ([PKEY], [ILCEAD], [ILKOD], [ILAD]) VALUES (30, N'AKKUÞ', N'52', N'ORDU')
INSERT [dbo].[REF_ILCELER] ([PKEY], [ILCEAD], [ILKOD], [ILAD]) VALUES (31, N'AKÖREN', N'42', N'KONYA')
INSERT [dbo].[REF_ILCELER] ([PKEY], [ILCEAD], [ILKOD], [ILAD]) VALUES (32, N'AKPINAR', N'40', N'KIRÞEHÝR')
INSERT [dbo].[REF_ILCELER] ([PKEY], [ILCEAD], [ILKOD], [ILAD]) VALUES (33, N'MERKEZ', N'68', N'AKSARAY')
INSERT [dbo].[REF_ILCELER] ([PKEY], [ILCEAD], [ILKOD], [ILAD]) VALUES (34, N'AKSEKÝ', N'7', N'ANTALYA')
INSERT [dbo].[REF_ILCELER] ([PKEY], [ILCEAD], [ILKOD], [ILAD]) VALUES (35, N'AKSU', N'7', N'ANTALYA')
INSERT [dbo].[REF_ILCELER] ([PKEY], [ILCEAD], [ILKOD], [ILAD]) VALUES (36, N'AKSU', N'32', N'ISPARTA')
INSERT [dbo].[REF_ILCELER] ([PKEY], [ILCEAD], [ILKOD], [ILAD]) VALUES (37, N'AKÞEHÝR', N'42', N'KONYA')
INSERT [dbo].[REF_ILCELER] ([PKEY], [ILCEAD], [ILKOD], [ILAD]) VALUES (38, N'AKYAKA', N'36', N'KARS')
INSERT [dbo].[REF_ILCELER] ([PKEY], [ILCEAD], [ILKOD], [ILAD]) VALUES (39, N'AKYAZI', N'54', N'SAKARYA')
INSERT [dbo].[REF_ILCELER] ([PKEY], [ILCEAD], [ILKOD], [ILAD]) VALUES (40, N'AKYURT', N'6', N'ANKARA')
INSERT [dbo].[REF_ILCELER] ([PKEY], [ILCEAD], [ILKOD], [ILAD]) VALUES (41, N'ALACA', N'19', N'ÇORUM')
INSERT [dbo].[REF_ILCELER] ([PKEY], [ILCEAD], [ILKOD], [ILAD]) VALUES (42, N'ALACAKAYA', N'23', N'ELAZIÐ')
INSERT [dbo].[REF_ILCELER] ([PKEY], [ILCEAD], [ILKOD], [ILAD]) VALUES (43, N'ALAÇAM', N'55', N'SAMSUN')
INSERT [dbo].[REF_ILCELER] ([PKEY], [ILCEAD], [ILKOD], [ILAD]) VALUES (44, N'ALADAÐ', N'1', N'ADANA')
INSERT [dbo].[REF_ILCELER] ([PKEY], [ILCEAD], [ILKOD], [ILAD]) VALUES (45, N'ALANYA', N'7', N'ANTALYA')
INSERT [dbo].[REF_ILCELER] ([PKEY], [ILCEAD], [ILKOD], [ILAD]) VALUES (46, N'ALAPLI', N'67', N'ZONGULDAK')
INSERT [dbo].[REF_ILCELER] ([PKEY], [ILCEAD], [ILKOD], [ILAD]) VALUES (47, N'ALAÞEHÝR', N'45', N'MANÝSA')
INSERT [dbo].[REF_ILCELER] ([PKEY], [ILCEAD], [ILKOD], [ILAD]) VALUES (48, N'ALÝAÐA', N'35', N'ÝZMÝR')
INSERT [dbo].[REF_ILCELER] ([PKEY], [ILCEAD], [ILKOD], [ILAD]) VALUES (49, N'ALMUS', N'60', N'TOKAT')
INSERT [dbo].[REF_ILCELER] ([PKEY], [ILCEAD], [ILKOD], [ILAD]) VALUES (50, N'ALPU', N'26', N'ESKÝÞEHÝR')
INSERT [dbo].[REF_ILCELER] ([PKEY], [ILCEAD], [ILKOD], [ILAD]) VALUES (51, N'ALTINDAÐ', N'6', N'ANKARA')
INSERT [dbo].[REF_ILCELER] ([PKEY], [ILCEAD], [ILKOD], [ILAD]) VALUES (52, N'ALTINEKÝN', N'42', N'KONYA')
INSERT [dbo].[REF_ILCELER] ([PKEY], [ILCEAD], [ILKOD], [ILAD]) VALUES (53, N'ALTINOVA', N'77', N'YALOVA')
INSERT [dbo].[REF_ILCELER] ([PKEY], [ILCEAD], [ILKOD], [ILAD]) VALUES (54, N'ALTINÖZÜ', N'31', N'HATAY')
INSERT [dbo].[REF_ILCELER] ([PKEY], [ILCEAD], [ILKOD], [ILAD]) VALUES (55, N'ALTINTAÞ', N'43', N'KÜTAHYA')
INSERT [dbo].[REF_ILCELER] ([PKEY], [ILCEAD], [ILKOD], [ILAD]) VALUES (56, N'ALTINYAYLA', N'15', N'BURDUR')
INSERT [dbo].[REF_ILCELER] ([PKEY], [ILCEAD], [ILKOD], [ILAD]) VALUES (57, N'ALTINYAYLA', N'58', N'SÝVAS')
INSERT [dbo].[REF_ILCELER] ([PKEY], [ILCEAD], [ILKOD], [ILAD]) VALUES (58, N'ALTUNHÝSAR', N'51', N'NÝÐDE')
INSERT [dbo].[REF_ILCELER] ([PKEY], [ILCEAD], [ILKOD], [ILAD]) VALUES (59, N'ALUCRA', N'28', N'GÝRESUN')
INSERT [dbo].[REF_ILCELER] ([PKEY], [ILCEAD], [ILKOD], [ILAD]) VALUES (60, N'AMASRA', N'74', N'BARTIN')
INSERT [dbo].[REF_ILCELER] ([PKEY], [ILCEAD], [ILKOD], [ILAD]) VALUES (61, N'MERKEZ', N'5', N'AMASYA')
INSERT [dbo].[REF_ILCELER] ([PKEY], [ILCEAD], [ILKOD], [ILAD]) VALUES (62, N'ANAMUR', N'33', N'MERSÝN')
INSERT [dbo].[REF_ILCELER] ([PKEY], [ILCEAD], [ILKOD], [ILAD]) VALUES (63, N'ANDIRIN', N'46', N'KAHRAMANMARAÞ')
INSERT [dbo].[REF_ILCELER] ([PKEY], [ILCEAD], [ILKOD], [ILAD]) VALUES (64, N'MERKEZ', N'7', N'ANTALYA')
INSERT [dbo].[REF_ILCELER] ([PKEY], [ILCEAD], [ILKOD], [ILAD]) VALUES (65, N'ARABAN', N'27', N'GAZÝANTEP')
INSERT [dbo].[REF_ILCELER] ([PKEY], [ILCEAD], [ILKOD], [ILAD]) VALUES (66, N'ARAÇ', N'37', N'KASTAMONU')
INSERT [dbo].[REF_ILCELER] ([PKEY], [ILCEAD], [ILKOD], [ILAD]) VALUES (67, N'ARAKLI', N'61', N'TRABZON')
INSERT [dbo].[REF_ILCELER] ([PKEY], [ILCEAD], [ILKOD], [ILAD]) VALUES (68, N'ARALIK', N'76', N'IÐDIR')
INSERT [dbo].[REF_ILCELER] ([PKEY], [ILCEAD], [ILKOD], [ILAD]) VALUES (69, N'ARAPGÝR', N'44', N'MALATYA')
INSERT [dbo].[REF_ILCELER] ([PKEY], [ILCEAD], [ILKOD], [ILAD]) VALUES (70, N'MERKEZ', N'75', N'ARDAHAN')
INSERT [dbo].[REF_ILCELER] ([PKEY], [ILCEAD], [ILKOD], [ILAD]) VALUES (71, N'ARDANUÇ', N'8', N'ARTVÝN')
INSERT [dbo].[REF_ILCELER] ([PKEY], [ILCEAD], [ILKOD], [ILAD]) VALUES (72, N'ARDEÞEN', N'53', N'RÝZE')
INSERT [dbo].[REF_ILCELER] ([PKEY], [ILCEAD], [ILKOD], [ILAD]) VALUES (73, N'ARGUVAN', N'44', N'MALATYA')
INSERT [dbo].[REF_ILCELER] ([PKEY], [ILCEAD], [ILKOD], [ILAD]) VALUES (74, N'ARHAVÝ', N'8', N'ARTVÝN')
INSERT [dbo].[REF_ILCELER] ([PKEY], [ILCEAD], [ILKOD], [ILAD]) VALUES (75, N'ARICAK', N'23', N'ELAZIÐ')
INSERT [dbo].[REF_ILCELER] ([PKEY], [ILCEAD], [ILKOD], [ILAD]) VALUES (76, N'ARÝFÝYE', N'54', N'SAKARYA')
INSERT [dbo].[REF_ILCELER] ([PKEY], [ILCEAD], [ILKOD], [ILAD]) VALUES (77, N'ARMUTLU', N'77', N'YALOVA')
INSERT [dbo].[REF_ILCELER] ([PKEY], [ILCEAD], [ILKOD], [ILAD]) VALUES (78, N'ARNAVUTKÖY', N'34', N'ÝSTANBUL')
INSERT [dbo].[REF_ILCELER] ([PKEY], [ILCEAD], [ILKOD], [ILAD]) VALUES (79, N'ARPAÇAY', N'36', N'KARS')
INSERT [dbo].[REF_ILCELER] ([PKEY], [ILCEAD], [ILKOD], [ILAD]) VALUES (80, N'ARSÝN', N'61', N'TRABZON')
INSERT [dbo].[REF_ILCELER] ([PKEY], [ILCEAD], [ILKOD], [ILAD]) VALUES (81, N'ARTOVA', N'60', N'TOKAT')
INSERT [dbo].[REF_ILCELER] ([PKEY], [ILCEAD], [ILKOD], [ILAD]) VALUES (82, N'MERKEZ', N'8', N'ARTVÝN')
INSERT [dbo].[REF_ILCELER] ([PKEY], [ILCEAD], [ILKOD], [ILAD]) VALUES (83, N'ASARCIK', N'55', N'SAMSUN')
INSERT [dbo].[REF_ILCELER] ([PKEY], [ILCEAD], [ILKOD], [ILAD]) VALUES (84, N'ASLANAPA', N'43', N'KÜTAHYA')
INSERT [dbo].[REF_ILCELER] ([PKEY], [ILCEAD], [ILKOD], [ILAD]) VALUES (85, N'AÞKALE', N'25', N'ERZURUM')
INSERT [dbo].[REF_ILCELER] ([PKEY], [ILCEAD], [ILKOD], [ILAD]) VALUES (86, N'ATABEY', N'32', N'ISPARTA')
INSERT [dbo].[REF_ILCELER] ([PKEY], [ILCEAD], [ILKOD], [ILAD]) VALUES (87, N'ATAKUM', N'55', N'SAMSUN')
INSERT [dbo].[REF_ILCELER] ([PKEY], [ILCEAD], [ILKOD], [ILAD]) VALUES (88, N'ATAÞEHÝR', N'34', N'ÝSTANBUL')
INSERT [dbo].[REF_ILCELER] ([PKEY], [ILCEAD], [ILKOD], [ILAD]) VALUES (89, N'ATKARACALAR', N'18', N'ÇANKIRI')
INSERT [dbo].[REF_ILCELER] ([PKEY], [ILCEAD], [ILKOD], [ILAD]) VALUES (90, N'AVANOS', N'50', N'NEVÞEHÝR')
INSERT [dbo].[REF_ILCELER] ([PKEY], [ILCEAD], [ILKOD], [ILAD]) VALUES (91, N'AVCILAR', N'34', N'ÝSTANBUL')
INSERT [dbo].[REF_ILCELER] ([PKEY], [ILCEAD], [ILKOD], [ILAD]) VALUES (92, N'AYANCIK', N'57', N'SÝNOP')
INSERT [dbo].[REF_ILCELER] ([PKEY], [ILCEAD], [ILKOD], [ILAD]) VALUES (93, N'AYAÞ', N'6', N'ANKARA')
INSERT [dbo].[REF_ILCELER] ([PKEY], [ILCEAD], [ILKOD], [ILAD]) VALUES (94, N'AYBASTI', N'52', N'ORDU')
INSERT [dbo].[REF_ILCELER] ([PKEY], [ILCEAD], [ILKOD], [ILAD]) VALUES (95, N'MERKEZ', N'9', N'AYDIN')
INSERT [dbo].[REF_ILCELER] ([PKEY], [ILCEAD], [ILKOD], [ILAD]) VALUES (96, N'AYDINCIK', N'33', N'MERSÝN')
INSERT [dbo].[REF_ILCELER] ([PKEY], [ILCEAD], [ILKOD], [ILAD]) VALUES (97, N'AYDINCIK', N'66', N'YOZGAT')
INSERT [dbo].[REF_ILCELER] ([PKEY], [ILCEAD], [ILKOD], [ILAD]) VALUES (98, N'AYDINLAR', N'56', N'SÝÝRT')
INSERT [dbo].[REF_ILCELER] ([PKEY], [ILCEAD], [ILKOD], [ILAD]) VALUES (99, N'AYDINTEPE', N'69', N'BAYBURT')
INSERT [dbo].[REF_ILCELER] ([PKEY], [ILCEAD], [ILKOD], [ILAD]) VALUES (100, N'AYRANCI', N'70', N'KARAMAN')
GO
print 'Processed 100 total records'
INSERT [dbo].[REF_ILCELER] ([PKEY], [ILCEAD], [ILKOD], [ILAD]) VALUES (101, N'AYVACIK', N'17', N'ÇANAKKALE')
INSERT [dbo].[REF_ILCELER] ([PKEY], [ILCEAD], [ILKOD], [ILAD]) VALUES (102, N'AYVACIK', N'55', N'SAMSUN')
INSERT [dbo].[REF_ILCELER] ([PKEY], [ILCEAD], [ILKOD], [ILAD]) VALUES (103, N'AYVALIK', N'10', N'BALIKESÝR')
INSERT [dbo].[REF_ILCELER] ([PKEY], [ILCEAD], [ILKOD], [ILAD]) VALUES (104, N'AZDAVAY', N'37', N'KASTAMONU')
INSERT [dbo].[REF_ILCELER] ([PKEY], [ILCEAD], [ILKOD], [ILAD]) VALUES (105, N'AZÝZÝYE', N'25', N'ERZURUM')
INSERT [dbo].[REF_ILCELER] ([PKEY], [ILCEAD], [ILKOD], [ILAD]) VALUES (106, N'BABADAÐ', N'20', N'DENÝZLÝ')
INSERT [dbo].[REF_ILCELER] ([PKEY], [ILCEAD], [ILKOD], [ILAD]) VALUES (107, N'BABAESKÝ', N'39', N'KIRKLARELÝ')
INSERT [dbo].[REF_ILCELER] ([PKEY], [ILCEAD], [ILKOD], [ILAD]) VALUES (108, N'BAFRA', N'55', N'SAMSUN')
INSERT [dbo].[REF_ILCELER] ([PKEY], [ILCEAD], [ILKOD], [ILAD]) VALUES (109, N'BAÐCILAR', N'34', N'ÝSTANBUL')
INSERT [dbo].[REF_ILCELER] ([PKEY], [ILCEAD], [ILKOD], [ILAD]) VALUES (110, N'BAÐLAR', N'21', N'DÝYARBAKIR')
INSERT [dbo].[REF_ILCELER] ([PKEY], [ILCEAD], [ILKOD], [ILAD]) VALUES (111, N'BAHÇE', N'80', N'OSMANÝYE')
INSERT [dbo].[REF_ILCELER] ([PKEY], [ILCEAD], [ILKOD], [ILAD]) VALUES (112, N'BAHÇELÝEVLER', N'34', N'ÝSTANBUL')
INSERT [dbo].[REF_ILCELER] ([PKEY], [ILCEAD], [ILKOD], [ILAD]) VALUES (113, N'BAHÇESARAY', N'65', N'VAN')
INSERT [dbo].[REF_ILCELER] ([PKEY], [ILCEAD], [ILKOD], [ILAD]) VALUES (114, N'BAHÞÝLÝ', N'71', N'KIRIKKALE')
INSERT [dbo].[REF_ILCELER] ([PKEY], [ILCEAD], [ILKOD], [ILAD]) VALUES (115, N'BAKIRKÖY', N'34', N'ÝSTANBUL')
INSERT [dbo].[REF_ILCELER] ([PKEY], [ILCEAD], [ILKOD], [ILAD]) VALUES (116, N'BAKLAN', N'20', N'DENÝZLÝ')
INSERT [dbo].[REF_ILCELER] ([PKEY], [ILCEAD], [ILKOD], [ILAD]) VALUES (117, N'BALA', N'6', N'ANKARA')
INSERT [dbo].[REF_ILCELER] ([PKEY], [ILCEAD], [ILKOD], [ILAD]) VALUES (118, N'BALÇOVA', N'35', N'ÝZMÝR')
INSERT [dbo].[REF_ILCELER] ([PKEY], [ILCEAD], [ILKOD], [ILAD]) VALUES (119, N'MERKEZ', N'10', N'BALIKESÝR')
INSERT [dbo].[REF_ILCELER] ([PKEY], [ILCEAD], [ILKOD], [ILAD]) VALUES (120, N'BALIÞEYH', N'71', N'KIRIKKALE')
INSERT [dbo].[REF_ILCELER] ([PKEY], [ILCEAD], [ILKOD], [ILAD]) VALUES (121, N'BALYA', N'10', N'BALIKESÝR')
INSERT [dbo].[REF_ILCELER] ([PKEY], [ILCEAD], [ILKOD], [ILAD]) VALUES (122, N'BANAZ', N'64', N'UÞAK')
INSERT [dbo].[REF_ILCELER] ([PKEY], [ILCEAD], [ILKOD], [ILAD]) VALUES (123, N'BANDIRMA', N'10', N'BALIKESÝR')
INSERT [dbo].[REF_ILCELER] ([PKEY], [ILCEAD], [ILKOD], [ILAD]) VALUES (124, N'MERKEZ', N'74', N'BARTIN')
INSERT [dbo].[REF_ILCELER] ([PKEY], [ILCEAD], [ILKOD], [ILAD]) VALUES (125, N'BASKÝL', N'23', N'ELAZIÐ')
INSERT [dbo].[REF_ILCELER] ([PKEY], [ILCEAD], [ILKOD], [ILAD]) VALUES (126, N'BAÞAKÞEHÝR', N'34', N'ÝSTANBUL')
INSERT [dbo].[REF_ILCELER] ([PKEY], [ILCEAD], [ILKOD], [ILAD]) VALUES (127, N'BAÞÇÝFTLÝK', N'60', N'TOKAT')
INSERT [dbo].[REF_ILCELER] ([PKEY], [ILCEAD], [ILKOD], [ILAD]) VALUES (128, N'BAÞÝSKELE', N'41', N'KOCAELÝ')
INSERT [dbo].[REF_ILCELER] ([PKEY], [ILCEAD], [ILKOD], [ILAD]) VALUES (129, N'BAÞKALE', N'65', N'VAN')
INSERT [dbo].[REF_ILCELER] ([PKEY], [ILCEAD], [ILKOD], [ILAD]) VALUES (130, N'BAÞMAKÇI', N'3', N'AFYON')
INSERT [dbo].[REF_ILCELER] ([PKEY], [ILCEAD], [ILKOD], [ILAD]) VALUES (131, N'BAÞYAYLA', N'70', N'KARAMAN')
INSERT [dbo].[REF_ILCELER] ([PKEY], [ILCEAD], [ILKOD], [ILAD]) VALUES (132, N'MERKEZ', N'72', N'BATMAN')
INSERT [dbo].[REF_ILCELER] ([PKEY], [ILCEAD], [ILKOD], [ILAD]) VALUES (133, N'BATTALGAZÝ', N'44', N'MALATYA')
INSERT [dbo].[REF_ILCELER] ([PKEY], [ILCEAD], [ILKOD], [ILAD]) VALUES (134, N'BAYAT ', N'3', N'AFYON')
INSERT [dbo].[REF_ILCELER] ([PKEY], [ILCEAD], [ILKOD], [ILAD]) VALUES (135, N'BAYAT ', N'19', N'ÇORUM')
INSERT [dbo].[REF_ILCELER] ([PKEY], [ILCEAD], [ILKOD], [ILAD]) VALUES (136, N' MERKEZ', N'69', N'BAYBURT')
INSERT [dbo].[REF_ILCELER] ([PKEY], [ILCEAD], [ILKOD], [ILAD]) VALUES (137, N'BAYINDIR', N'35', N'ÝZMÝR')
INSERT [dbo].[REF_ILCELER] ([PKEY], [ILCEAD], [ILKOD], [ILAD]) VALUES (138, N'BAYKAN', N'56', N'SÝÝRT')
INSERT [dbo].[REF_ILCELER] ([PKEY], [ILCEAD], [ILKOD], [ILAD]) VALUES (139, N'BAYRAKLI', N'35', N'ÝZMÝR')
INSERT [dbo].[REF_ILCELER] ([PKEY], [ILCEAD], [ILKOD], [ILAD]) VALUES (140, N'BAYRAMÝÇ', N'17', N'ÇANAKKALE')
INSERT [dbo].[REF_ILCELER] ([PKEY], [ILCEAD], [ILKOD], [ILAD]) VALUES (141, N'BAYRAMÖREN', N'18', N'ÇANKIRI')
INSERT [dbo].[REF_ILCELER] ([PKEY], [ILCEAD], [ILKOD], [ILAD]) VALUES (142, N'BAYRAMPAÞA', N'34', N'ÝSTANBUL')
INSERT [dbo].[REF_ILCELER] ([PKEY], [ILCEAD], [ILKOD], [ILAD]) VALUES (143, N'BEKÝLLÝ', N'20', N'DENÝZLÝ')
INSERT [dbo].[REF_ILCELER] ([PKEY], [ILCEAD], [ILKOD], [ILAD]) VALUES (144, N'BELEN', N'31', N'HATAY')
INSERT [dbo].[REF_ILCELER] ([PKEY], [ILCEAD], [ILKOD], [ILAD]) VALUES (145, N'BERGAMA', N'35', N'ÝZMÝR')
INSERT [dbo].[REF_ILCELER] ([PKEY], [ILCEAD], [ILKOD], [ILAD]) VALUES (146, N'BESNÝ', N'2', N'ADIYAMAN')
INSERT [dbo].[REF_ILCELER] ([PKEY], [ILCEAD], [ILKOD], [ILAD]) VALUES (147, N'BEÞÝKDÜZÜ', N'61', N'TRABZON')
INSERT [dbo].[REF_ILCELER] ([PKEY], [ILCEAD], [ILKOD], [ILAD]) VALUES (148, N'BEÞÝKTAÞ', N'34', N'ÝSTANBUL')
INSERT [dbo].[REF_ILCELER] ([PKEY], [ILCEAD], [ILKOD], [ILAD]) VALUES (149, N'BEÞÝRÝ', N'72', N'BATMAN')
INSERT [dbo].[REF_ILCELER] ([PKEY], [ILCEAD], [ILKOD], [ILAD]) VALUES (150, N'BEYAÐAÇ', N'20', N'DENÝZLÝ')
INSERT [dbo].[REF_ILCELER] ([PKEY], [ILCEAD], [ILKOD], [ILAD]) VALUES (151, N'BEYDAÐ', N'35', N'ÝZMÝR')
INSERT [dbo].[REF_ILCELER] ([PKEY], [ILCEAD], [ILKOD], [ILAD]) VALUES (152, N'BEYKOZ', N'34', N'ÝSTANBUL')
INSERT [dbo].[REF_ILCELER] ([PKEY], [ILCEAD], [ILKOD], [ILAD]) VALUES (153, N'BEYLÝKDÜZÜ', N'34', N'ÝSTANBUL')
INSERT [dbo].[REF_ILCELER] ([PKEY], [ILCEAD], [ILKOD], [ILAD]) VALUES (154, N'BEYLÝKOVA', N'26', N'ESKÝÞEHÝR')
INSERT [dbo].[REF_ILCELER] ([PKEY], [ILCEAD], [ILKOD], [ILAD]) VALUES (155, N'BEYOÐLU', N'34', N'ÝSTANBUL')
INSERT [dbo].[REF_ILCELER] ([PKEY], [ILCEAD], [ILKOD], [ILAD]) VALUES (156, N'BEYPAZARI', N'6', N'ANKARA')
INSERT [dbo].[REF_ILCELER] ([PKEY], [ILCEAD], [ILKOD], [ILAD]) VALUES (157, N'BEYÞEHÝR', N'42', N'KONYA')
INSERT [dbo].[REF_ILCELER] ([PKEY], [ILCEAD], [ILKOD], [ILAD]) VALUES (158, N'BEYTÜÞÞEBAP', N'73', N'ÞIRNAK')
INSERT [dbo].[REF_ILCELER] ([PKEY], [ILCEAD], [ILKOD], [ILAD]) VALUES (159, N'BÝGA', N'17', N'ÇANAKKALE')
INSERT [dbo].[REF_ILCELER] ([PKEY], [ILCEAD], [ILKOD], [ILAD]) VALUES (160, N'BÝGADÝÇ', N'10', N'BALIKESÝR')
INSERT [dbo].[REF_ILCELER] ([PKEY], [ILCEAD], [ILKOD], [ILAD]) VALUES (161, N' MERKEZ', N'11', N'BÝLECÝK')
INSERT [dbo].[REF_ILCELER] ([PKEY], [ILCEAD], [ILKOD], [ILAD]) VALUES (162, N'MERKEZ', N'12', N'BÝNGÖL')
INSERT [dbo].[REF_ILCELER] ([PKEY], [ILCEAD], [ILKOD], [ILAD]) VALUES (163, N'BÝRECÝK', N'63', N'ÞANLIURFA')
INSERT [dbo].[REF_ILCELER] ([PKEY], [ILCEAD], [ILKOD], [ILAD]) VALUES (164, N'BÝSMÝL', N'21', N'DÝYARBAKIR')
INSERT [dbo].[REF_ILCELER] ([PKEY], [ILCEAD], [ILKOD], [ILAD]) VALUES (165, N'MERKEZ', N'13', N'BÝTLÝS')
INSERT [dbo].[REF_ILCELER] ([PKEY], [ILCEAD], [ILKOD], [ILAD]) VALUES (166, N'BODRUM', N'48', N'MUÐLA')
INSERT [dbo].[REF_ILCELER] ([PKEY], [ILCEAD], [ILKOD], [ILAD]) VALUES (167, N'BOÐAZKALE', N'19', N'ÇORUM')
INSERT [dbo].[REF_ILCELER] ([PKEY], [ILCEAD], [ILKOD], [ILAD]) VALUES (168, N'BOÐAZLIYAN', N'66', N'YOZGAT')
INSERT [dbo].[REF_ILCELER] ([PKEY], [ILCEAD], [ILKOD], [ILAD]) VALUES (169, N'MERKEZ', N'14', N'BOLU')
INSERT [dbo].[REF_ILCELER] ([PKEY], [ILCEAD], [ILKOD], [ILAD]) VALUES (170, N'BOLVADÝN', N'3', N'AFYON')
INSERT [dbo].[REF_ILCELER] ([PKEY], [ILCEAD], [ILKOD], [ILAD]) VALUES (171, N'BOR', N'51', N'NÝÐDE')
INSERT [dbo].[REF_ILCELER] ([PKEY], [ILCEAD], [ILKOD], [ILAD]) VALUES (172, N'BORÇKA', N'8', N'ARTVÝN')
INSERT [dbo].[REF_ILCELER] ([PKEY], [ILCEAD], [ILKOD], [ILAD]) VALUES (173, N'BORNOVA', N'35', N'ÝZMÝR')
INSERT [dbo].[REF_ILCELER] ([PKEY], [ILCEAD], [ILKOD], [ILAD]) VALUES (174, N'BOYABAT', N'57', N'SÝNOP')
INSERT [dbo].[REF_ILCELER] ([PKEY], [ILCEAD], [ILKOD], [ILAD]) VALUES (175, N'BOZCAADA', N'17', N'ÇANAKKALE')
INSERT [dbo].[REF_ILCELER] ([PKEY], [ILCEAD], [ILKOD], [ILAD]) VALUES (176, N'BOZDOÐAN', N'9', N'AYDIN')
INSERT [dbo].[REF_ILCELER] ([PKEY], [ILCEAD], [ILKOD], [ILAD]) VALUES (177, N'BOZKIR', N'42', N'KONYA')
INSERT [dbo].[REF_ILCELER] ([PKEY], [ILCEAD], [ILKOD], [ILAD]) VALUES (178, N'BOZKURT ', N'20', N'DENÝZLÝ')
INSERT [dbo].[REF_ILCELER] ([PKEY], [ILCEAD], [ILKOD], [ILAD]) VALUES (179, N'BOZKURT', N'37', N'KASTAMONU')
INSERT [dbo].[REF_ILCELER] ([PKEY], [ILCEAD], [ILKOD], [ILAD]) VALUES (180, N'BOZOVA', N'63', N'ÞANLIURFA')
INSERT [dbo].[REF_ILCELER] ([PKEY], [ILCEAD], [ILKOD], [ILAD]) VALUES (181, N'BOZTEPE', N'40', N'KIRÞEHÝR')
INSERT [dbo].[REF_ILCELER] ([PKEY], [ILCEAD], [ILKOD], [ILAD]) VALUES (182, N'BOZÜYÜK', N'11', N'BÝLECÝK')
INSERT [dbo].[REF_ILCELER] ([PKEY], [ILCEAD], [ILKOD], [ILAD]) VALUES (183, N'BOZYAZI', N'33', N'MERSÝN')
INSERT [dbo].[REF_ILCELER] ([PKEY], [ILCEAD], [ILKOD], [ILAD]) VALUES (184, N'BUCA', N'35', N'ÝZMÝR')
INSERT [dbo].[REF_ILCELER] ([PKEY], [ILCEAD], [ILKOD], [ILAD]) VALUES (185, N'BUCAK', N'15', N'BURDUR')
INSERT [dbo].[REF_ILCELER] ([PKEY], [ILCEAD], [ILKOD], [ILAD]) VALUES (186, N'BUHARKENT', N'9', N'AYDIN')
INSERT [dbo].[REF_ILCELER] ([PKEY], [ILCEAD], [ILKOD], [ILAD]) VALUES (187, N'BULANCAK', N'28', N'GÝRESUN')
INSERT [dbo].[REF_ILCELER] ([PKEY], [ILCEAD], [ILKOD], [ILAD]) VALUES (188, N'BULANIK', N'49', N'MUÞ')
INSERT [dbo].[REF_ILCELER] ([PKEY], [ILCEAD], [ILKOD], [ILAD]) VALUES (189, N'BULDAN', N'20', N'DENÝZLÝ')
INSERT [dbo].[REF_ILCELER] ([PKEY], [ILCEAD], [ILKOD], [ILAD]) VALUES (190, N'MERKEZ', N'15', N'BURDUR')
INSERT [dbo].[REF_ILCELER] ([PKEY], [ILCEAD], [ILKOD], [ILAD]) VALUES (191, N'BURHANÝYE', N'10', N'BALIKESÝR')
INSERT [dbo].[REF_ILCELER] ([PKEY], [ILCEAD], [ILKOD], [ILAD]) VALUES (192, N'BÜNYAN', N'38', N'KAYSERÝ')
INSERT [dbo].[REF_ILCELER] ([PKEY], [ILCEAD], [ILKOD], [ILAD]) VALUES (193, N'BÜYÜKÇEKMECE', N'34', N'ÝSTANBUL')
INSERT [dbo].[REF_ILCELER] ([PKEY], [ILCEAD], [ILKOD], [ILAD]) VALUES (194, N'BÜYÜKORHAN', N'16', N'BURSA')
INSERT [dbo].[REF_ILCELER] ([PKEY], [ILCEAD], [ILKOD], [ILAD]) VALUES (195, N'CANÝK', N'55', N'SAMSUN')
INSERT [dbo].[REF_ILCELER] ([PKEY], [ILCEAD], [ILKOD], [ILAD]) VALUES (196, N'CEYHAN', N'1', N'ADANA')
INSERT [dbo].[REF_ILCELER] ([PKEY], [ILCEAD], [ILKOD], [ILAD]) VALUES (197, N'CEYLANPINAR', N'63', N'ÞANLIURFA')
INSERT [dbo].[REF_ILCELER] ([PKEY], [ILCEAD], [ILKOD], [ILAD]) VALUES (198, N'CÝDE', N'37', N'KASTAMONU')
INSERT [dbo].[REF_ILCELER] ([PKEY], [ILCEAD], [ILKOD], [ILAD]) VALUES (199, N'CÝHANBEYLÝ', N'42', N'KONYA')
INSERT [dbo].[REF_ILCELER] ([PKEY], [ILCEAD], [ILKOD], [ILAD]) VALUES (200, N'CÝZRE', N'73', N'ÞIRNAK')
INSERT [dbo].[REF_ILCELER] ([PKEY], [ILCEAD], [ILKOD], [ILAD]) VALUES (201, N'CUMAYERÝ', N'81', N'DÜZCE')
GO
print 'Processed 200 total records'
INSERT [dbo].[REF_ILCELER] ([PKEY], [ILCEAD], [ILKOD], [ILAD]) VALUES (202, N'ÇAÐLIYANCERÝT', N'46', N'KAHRAMANMARAÞ')
INSERT [dbo].[REF_ILCELER] ([PKEY], [ILCEAD], [ILKOD], [ILAD]) VALUES (203, N'ÇAL', N'20', N'DENÝZLÝ')
INSERT [dbo].[REF_ILCELER] ([PKEY], [ILCEAD], [ILKOD], [ILAD]) VALUES (204, N'ÇALDIRAN', N'65', N'VAN')
INSERT [dbo].[REF_ILCELER] ([PKEY], [ILCEAD], [ILKOD], [ILAD]) VALUES (205, N'ÇAMARDI', N'51', N'NÝÐDE')
INSERT [dbo].[REF_ILCELER] ([PKEY], [ILCEAD], [ILKOD], [ILAD]) VALUES (206, N'ÇAMAÞ', N'52', N'ORDU')
INSERT [dbo].[REF_ILCELER] ([PKEY], [ILCEAD], [ILKOD], [ILAD]) VALUES (207, N'ÇAMELÝ', N'20', N'DENÝZLÝ')
INSERT [dbo].[REF_ILCELER] ([PKEY], [ILCEAD], [ILKOD], [ILAD]) VALUES (208, N'ÇAMLIDERE', N'6', N'ANKARA')
INSERT [dbo].[REF_ILCELER] ([PKEY], [ILCEAD], [ILKOD], [ILAD]) VALUES (209, N'ÇAMLIHEMÞÝN', N'53', N'RÝZE')
INSERT [dbo].[REF_ILCELER] ([PKEY], [ILCEAD], [ILKOD], [ILAD]) VALUES (210, N'ÇAMLIYAYLA', N'33', N'MERSÝN')
INSERT [dbo].[REF_ILCELER] ([PKEY], [ILCEAD], [ILKOD], [ILAD]) VALUES (211, N'ÇAMOLUK', N'28', N'GÝRESUN')
INSERT [dbo].[REF_ILCELER] ([PKEY], [ILCEAD], [ILKOD], [ILAD]) VALUES (212, N'ÇAN', N'17', N'ÇANAKKALE')
INSERT [dbo].[REF_ILCELER] ([PKEY], [ILCEAD], [ILKOD], [ILAD]) VALUES (213, N'ÇANAKÇI', N'28', N'GÝRESUN')
INSERT [dbo].[REF_ILCELER] ([PKEY], [ILCEAD], [ILKOD], [ILAD]) VALUES (214, N' MERKEZ', N'17', N'ÇANAKKALE')
INSERT [dbo].[REF_ILCELER] ([PKEY], [ILCEAD], [ILKOD], [ILAD]) VALUES (215, N'ÇANDIR', N'66', N'YOZGAT')
INSERT [dbo].[REF_ILCELER] ([PKEY], [ILCEAD], [ILKOD], [ILAD]) VALUES (216, N'ÇANKAYA', N'6', N'ANKARA')
INSERT [dbo].[REF_ILCELER] ([PKEY], [ILCEAD], [ILKOD], [ILAD]) VALUES (217, N'ÇANKIRI MERKEZ', N'18', N'ÇANKIRI')
INSERT [dbo].[REF_ILCELER] ([PKEY], [ILCEAD], [ILKOD], [ILAD]) VALUES (218, N'ÇARDAK', N'20', N'DENÝZLÝ')
INSERT [dbo].[REF_ILCELER] ([PKEY], [ILCEAD], [ILKOD], [ILAD]) VALUES (219, N'ÇARÞAMBA', N'55', N'SAMSUN')
INSERT [dbo].[REF_ILCELER] ([PKEY], [ILCEAD], [ILKOD], [ILAD]) VALUES (220, N'ÇARÞIBAÞI', N'61', N'TRABZON')
INSERT [dbo].[REF_ILCELER] ([PKEY], [ILCEAD], [ILKOD], [ILAD]) VALUES (221, N'ÇAT', N'25', N'ERZURUM')
INSERT [dbo].[REF_ILCELER] ([PKEY], [ILCEAD], [ILKOD], [ILAD]) VALUES (222, N'ÇATAK', N'65', N'VAN')
INSERT [dbo].[REF_ILCELER] ([PKEY], [ILCEAD], [ILKOD], [ILAD]) VALUES (223, N'ÇATALCA', N'34', N'ÝSTANBUL')
INSERT [dbo].[REF_ILCELER] ([PKEY], [ILCEAD], [ILKOD], [ILAD]) VALUES (224, N'ÇATALPINAR', N'52', N'ORDU')
INSERT [dbo].[REF_ILCELER] ([PKEY], [ILCEAD], [ILKOD], [ILAD]) VALUES (225, N'ÇATALZEYTÝN', N'37', N'KASTAMONU')
INSERT [dbo].[REF_ILCELER] ([PKEY], [ILCEAD], [ILKOD], [ILAD]) VALUES (226, N'ÇAVDARHÝSAR', N'43', N'KÜTAHYA')
INSERT [dbo].[REF_ILCELER] ([PKEY], [ILCEAD], [ILKOD], [ILAD]) VALUES (227, N'ÇAVDIR', N'15', N'BURDUR')
INSERT [dbo].[REF_ILCELER] ([PKEY], [ILCEAD], [ILKOD], [ILAD]) VALUES (228, N'ÇAY', N'3', N'AFYON')
INSERT [dbo].[REF_ILCELER] ([PKEY], [ILCEAD], [ILKOD], [ILAD]) VALUES (229, N'ÇAYBAÞI', N'52', N'ORDU')
INSERT [dbo].[REF_ILCELER] ([PKEY], [ILCEAD], [ILKOD], [ILAD]) VALUES (230, N'ÇAYCUMA', N'67', N'ZONGULDAK')
INSERT [dbo].[REF_ILCELER] ([PKEY], [ILCEAD], [ILKOD], [ILAD]) VALUES (231, N'ÇAYELÝ', N'53', N'RÝZE')
INSERT [dbo].[REF_ILCELER] ([PKEY], [ILCEAD], [ILKOD], [ILAD]) VALUES (232, N'ÇAYIRALAN', N'66', N'YOZGAT')
INSERT [dbo].[REF_ILCELER] ([PKEY], [ILCEAD], [ILKOD], [ILAD]) VALUES (233, N'ÇAYIRLI', N'24', N'ERZÝNCAN')
INSERT [dbo].[REF_ILCELER] ([PKEY], [ILCEAD], [ILKOD], [ILAD]) VALUES (234, N'ÇAYIROVA', N'41', N'KOCAELÝ')
INSERT [dbo].[REF_ILCELER] ([PKEY], [ILCEAD], [ILKOD], [ILAD]) VALUES (235, N'ÇAYKARA', N'61', N'TRABZON')
INSERT [dbo].[REF_ILCELER] ([PKEY], [ILCEAD], [ILKOD], [ILAD]) VALUES (236, N'ÇEKEREK', N'66', N'YOZGAT')
INSERT [dbo].[REF_ILCELER] ([PKEY], [ILCEAD], [ILKOD], [ILAD]) VALUES (237, N'ÇEKMEKÖY', N'34', N'ÝSTANBUL')
INSERT [dbo].[REF_ILCELER] ([PKEY], [ILCEAD], [ILKOD], [ILAD]) VALUES (238, N'ÇELEBÝ', N'71', N'KIRIKKALE')
INSERT [dbo].[REF_ILCELER] ([PKEY], [ILCEAD], [ILKOD], [ILAD]) VALUES (239, N'ÇELÝKHAN', N'2', N'ADIYAMAN')
INSERT [dbo].[REF_ILCELER] ([PKEY], [ILCEAD], [ILKOD], [ILAD]) VALUES (240, N'ÇELTÝK', N'42', N'KONYA')
INSERT [dbo].[REF_ILCELER] ([PKEY], [ILCEAD], [ILKOD], [ILAD]) VALUES (241, N'ÇELTÝKÇÝ', N'15', N'BURDUR')
INSERT [dbo].[REF_ILCELER] ([PKEY], [ILCEAD], [ILKOD], [ILAD]) VALUES (242, N'ÇEMÝÞGEZEK', N'62', N'TUNCELÝ')
INSERT [dbo].[REF_ILCELER] ([PKEY], [ILCEAD], [ILKOD], [ILAD]) VALUES (243, N'ÇERKEÞ', N'18', N'ÇANKIRI')
INSERT [dbo].[REF_ILCELER] ([PKEY], [ILCEAD], [ILKOD], [ILAD]) VALUES (244, N'ÇERKEZKÖY', N'59', N'TEKÝRDAÐ')
INSERT [dbo].[REF_ILCELER] ([PKEY], [ILCEAD], [ILKOD], [ILAD]) VALUES (245, N'ÇERMÝK', N'21', N'DÝYARBAKIR')
INSERT [dbo].[REF_ILCELER] ([PKEY], [ILCEAD], [ILKOD], [ILAD]) VALUES (246, N'ÇEÞME', N'35', N'ÝZMÝR')
INSERT [dbo].[REF_ILCELER] ([PKEY], [ILCEAD], [ILKOD], [ILAD]) VALUES (247, N'ÇILDIR', N'75', N'ARDAHAN')
INSERT [dbo].[REF_ILCELER] ([PKEY], [ILCEAD], [ILKOD], [ILAD]) VALUES (248, N'ÇINAR', N'21', N'DÝYARBAKIR')
INSERT [dbo].[REF_ILCELER] ([PKEY], [ILCEAD], [ILKOD], [ILAD]) VALUES (249, N'ÇINARCIK', N'77', N'YALOVA')
INSERT [dbo].[REF_ILCELER] ([PKEY], [ILCEAD], [ILKOD], [ILAD]) VALUES (250, N'ÇÝÇEKDAÐI', N'40', N'KIRÞEHÝR')
INSERT [dbo].[REF_ILCELER] ([PKEY], [ILCEAD], [ILKOD], [ILAD]) VALUES (251, N'ÇÝFTELER', N'26', N'ESKÝÞEHÝR')
INSERT [dbo].[REF_ILCELER] ([PKEY], [ILCEAD], [ILKOD], [ILAD]) VALUES (252, N'ÇÝFTLÝK', N'51', N'NÝÐDE')
INSERT [dbo].[REF_ILCELER] ([PKEY], [ILCEAD], [ILKOD], [ILAD]) VALUES (253, N'ÇÝFTLÝKKÖY', N'77', N'YALOVA')
INSERT [dbo].[REF_ILCELER] ([PKEY], [ILCEAD], [ILKOD], [ILAD]) VALUES (254, N'ÇÝÐLÝ', N'35', N'ÝZMÝR')
INSERT [dbo].[REF_ILCELER] ([PKEY], [ILCEAD], [ILKOD], [ILAD]) VALUES (255, N'ÇÝLÝMLÝ', N'81', N'DÜZCE')
INSERT [dbo].[REF_ILCELER] ([PKEY], [ILCEAD], [ILKOD], [ILAD]) VALUES (256, N'ÇÝNE', N'9', N'AYDIN')
INSERT [dbo].[REF_ILCELER] ([PKEY], [ILCEAD], [ILKOD], [ILAD]) VALUES (257, N'ÇÝVRÝL', N'20', N'DENÝZLÝ')
INSERT [dbo].[REF_ILCELER] ([PKEY], [ILCEAD], [ILKOD], [ILAD]) VALUES (258, N'ÇOBANLAR', N'3', N'AFYON')
INSERT [dbo].[REF_ILCELER] ([PKEY], [ILCEAD], [ILKOD], [ILAD]) VALUES (259, N'ÇORLU', N'59', N'TEKÝRDAÐ')
INSERT [dbo].[REF_ILCELER] ([PKEY], [ILCEAD], [ILKOD], [ILAD]) VALUES (260, N'ÇORUM MERKEZ', N'19', N'ÇORUM')
INSERT [dbo].[REF_ILCELER] ([PKEY], [ILCEAD], [ILKOD], [ILAD]) VALUES (261, N'ÇUBUK', N'6', N'ANKARA')
INSERT [dbo].[REF_ILCELER] ([PKEY], [ILCEAD], [ILKOD], [ILAD]) VALUES (262, N'ÇUKURCA', N'30', N'HAKKARÝ')
INSERT [dbo].[REF_ILCELER] ([PKEY], [ILCEAD], [ILKOD], [ILAD]) VALUES (263, N'ÇUKUROVA', N'1', N'ADANA')
INSERT [dbo].[REF_ILCELER] ([PKEY], [ILCEAD], [ILKOD], [ILAD]) VALUES (264, N'ÇUMRA', N'42', N'KONYA')
INSERT [dbo].[REF_ILCELER] ([PKEY], [ILCEAD], [ILKOD], [ILAD]) VALUES (265, N'ÇÜNGÜÞ', N'21', N'DÝYARBAKIR')
INSERT [dbo].[REF_ILCELER] ([PKEY], [ILCEAD], [ILKOD], [ILAD]) VALUES (266, N'DADAY', N'37', N'KASTAMONU')
INSERT [dbo].[REF_ILCELER] ([PKEY], [ILCEAD], [ILKOD], [ILAD]) VALUES (267, N'DALAMAN', N'48', N'MUÐLA')
INSERT [dbo].[REF_ILCELER] ([PKEY], [ILCEAD], [ILKOD], [ILAD]) VALUES (268, N'DAMAL', N'75', N'ARDAHAN')
INSERT [dbo].[REF_ILCELER] ([PKEY], [ILCEAD], [ILKOD], [ILAD]) VALUES (269, N'DARENDE', N'44', N'MALATYA')
INSERT [dbo].[REF_ILCELER] ([PKEY], [ILCEAD], [ILKOD], [ILAD]) VALUES (270, N'DARGEÇÝT', N'47', N'MARDÝN')
INSERT [dbo].[REF_ILCELER] ([PKEY], [ILCEAD], [ILKOD], [ILAD]) VALUES (271, N'DARICA', N'41', N'KOCAELÝ')
INSERT [dbo].[REF_ILCELER] ([PKEY], [ILCEAD], [ILKOD], [ILAD]) VALUES (272, N'DATÇA', N'48', N'MUÐLA')
INSERT [dbo].[REF_ILCELER] ([PKEY], [ILCEAD], [ILKOD], [ILAD]) VALUES (273, N'DAZKIRI', N'3', N'AFYON')
INSERT [dbo].[REF_ILCELER] ([PKEY], [ILCEAD], [ILKOD], [ILAD]) VALUES (274, N'DELÝCE', N'71', N'KIRIKKALE')
INSERT [dbo].[REF_ILCELER] ([PKEY], [ILCEAD], [ILKOD], [ILAD]) VALUES (275, N'DEMÝRCÝ', N'45', N'MANÝSA')
INSERT [dbo].[REF_ILCELER] ([PKEY], [ILCEAD], [ILKOD], [ILAD]) VALUES (276, N'DEMÝRKÖY', N'39', N'KIRKLARELÝ')
INSERT [dbo].[REF_ILCELER] ([PKEY], [ILCEAD], [ILKOD], [ILAD]) VALUES (277, N'DEMÝRÖZÜ', N'69', N'BAYBURT')
INSERT [dbo].[REF_ILCELER] ([PKEY], [ILCEAD], [ILKOD], [ILAD]) VALUES (278, N'DEMRE', N'7', N'ANTALYA')
INSERT [dbo].[REF_ILCELER] ([PKEY], [ILCEAD], [ILKOD], [ILAD]) VALUES (279, N'DENÝZLÝ MERKEZ', N'20', N'DENÝZLÝ')
INSERT [dbo].[REF_ILCELER] ([PKEY], [ILCEAD], [ILKOD], [ILAD]) VALUES (280, N'DERBENT', N'42', N'KONYA')
INSERT [dbo].[REF_ILCELER] ([PKEY], [ILCEAD], [ILKOD], [ILAD]) VALUES (281, N'DEREBUCAK', N'42', N'KONYA')
INSERT [dbo].[REF_ILCELER] ([PKEY], [ILCEAD], [ILKOD], [ILAD]) VALUES (282, N'DERELÝ', N'28', N'GÝRESUN')
INSERT [dbo].[REF_ILCELER] ([PKEY], [ILCEAD], [ILKOD], [ILAD]) VALUES (283, N'DEREPAZARI', N'53', N'RÝZE')
INSERT [dbo].[REF_ILCELER] ([PKEY], [ILCEAD], [ILKOD], [ILAD]) VALUES (284, N'DERÝK', N'47', N'MARDÝN')
INSERT [dbo].[REF_ILCELER] ([PKEY], [ILCEAD], [ILKOD], [ILAD]) VALUES (285, N'DERÝNCE', N'41', N'KOCAELÝ')
INSERT [dbo].[REF_ILCELER] ([PKEY], [ILCEAD], [ILKOD], [ILAD]) VALUES (286, N'DERÝNKUYU', N'50', N'NEVÞEHÝR')
INSERT [dbo].[REF_ILCELER] ([PKEY], [ILCEAD], [ILKOD], [ILAD]) VALUES (287, N'DERNEKPAZARI', N'61', N'TRABZON')
INSERT [dbo].[REF_ILCELER] ([PKEY], [ILCEAD], [ILKOD], [ILAD]) VALUES (288, N'DEVELÝ', N'38', N'KAYSERÝ')
INSERT [dbo].[REF_ILCELER] ([PKEY], [ILCEAD], [ILKOD], [ILAD]) VALUES (289, N'DEVREK', N'67', N'ZONGULDAK')
INSERT [dbo].[REF_ILCELER] ([PKEY], [ILCEAD], [ILKOD], [ILAD]) VALUES (290, N'DEVREKANÝ', N'37', N'KASTAMONU')
INSERT [dbo].[REF_ILCELER] ([PKEY], [ILCEAD], [ILKOD], [ILAD]) VALUES (291, N'DÝCLE', N'21', N'DÝYARBAKIR')
INSERT [dbo].[REF_ILCELER] ([PKEY], [ILCEAD], [ILKOD], [ILAD]) VALUES (292, N'DÝDÝM', N'9', N'AYDIN')
INSERT [dbo].[REF_ILCELER] ([PKEY], [ILCEAD], [ILKOD], [ILAD]) VALUES (293, N'DÝGOR', N'36', N'KARS')
INSERT [dbo].[REF_ILCELER] ([PKEY], [ILCEAD], [ILKOD], [ILAD]) VALUES (294, N'DÝKÝLÝ', N'35', N'ÝZMÝR')
INSERT [dbo].[REF_ILCELER] ([PKEY], [ILCEAD], [ILKOD], [ILAD]) VALUES (295, N'DÝKMEN', N'57', N'SÝNOP')
INSERT [dbo].[REF_ILCELER] ([PKEY], [ILCEAD], [ILKOD], [ILAD]) VALUES (296, N'DÝLOVASI', N'41', N'KOCAELÝ')
INSERT [dbo].[REF_ILCELER] ([PKEY], [ILCEAD], [ILKOD], [ILAD]) VALUES (297, N'DÝNAR', N'3', N'AFYON')
INSERT [dbo].[REF_ILCELER] ([PKEY], [ILCEAD], [ILKOD], [ILAD]) VALUES (298, N'DÝVRÝÐÝ', N'58', N'SÝVAS')
INSERT [dbo].[REF_ILCELER] ([PKEY], [ILCEAD], [ILKOD], [ILAD]) VALUES (299, N'DÝYADÝN', N'4', N'AÐRI')
INSERT [dbo].[REF_ILCELER] ([PKEY], [ILCEAD], [ILKOD], [ILAD]) VALUES (300, N'MERKEZ', N'21', N'DÝYARBAKIR')
INSERT [dbo].[REF_ILCELER] ([PKEY], [ILCEAD], [ILKOD], [ILAD]) VALUES (301, N'DODURGA', N'19', N'ÇORUM')
INSERT [dbo].[REF_ILCELER] ([PKEY], [ILCEAD], [ILKOD], [ILAD]) VALUES (302, N'DOÐANHÝSAR', N'42', N'KONYA')
GO
print 'Processed 300 total records'
INSERT [dbo].[REF_ILCELER] ([PKEY], [ILCEAD], [ILKOD], [ILAD]) VALUES (303, N'DOÐANKENT', N'28', N'GÝRESUN')
INSERT [dbo].[REF_ILCELER] ([PKEY], [ILCEAD], [ILKOD], [ILAD]) VALUES (304, N'DOÐANÞAR', N'58', N'SÝVAS')
INSERT [dbo].[REF_ILCELER] ([PKEY], [ILCEAD], [ILKOD], [ILAD]) VALUES (305, N'DOÐANÞEHÝR', N'44', N'MALATYA')
INSERT [dbo].[REF_ILCELER] ([PKEY], [ILCEAD], [ILKOD], [ILAD]) VALUES (306, N'DOÐANYOL', N'44', N'MALATYA')
INSERT [dbo].[REF_ILCELER] ([PKEY], [ILCEAD], [ILKOD], [ILAD]) VALUES (307, N'DOÐANYURT', N'37', N'KASTAMONU')
INSERT [dbo].[REF_ILCELER] ([PKEY], [ILCEAD], [ILKOD], [ILAD]) VALUES (308, N'DOÐUBAYAZIT', N'4', N'AÐRI')
INSERT [dbo].[REF_ILCELER] ([PKEY], [ILCEAD], [ILKOD], [ILAD]) VALUES (309, N'DOMANÝÇ', N'43', N'KÜTAHYA')
INSERT [dbo].[REF_ILCELER] ([PKEY], [ILCEAD], [ILKOD], [ILAD]) VALUES (310, N'DÖRTDÝVAN', N'14', N'BOLU')
INSERT [dbo].[REF_ILCELER] ([PKEY], [ILCEAD], [ILKOD], [ILAD]) VALUES (311, N'DÖRTYOL', N'31', N'HATAY')
INSERT [dbo].[REF_ILCELER] ([PKEY], [ILCEAD], [ILKOD], [ILAD]) VALUES (312, N'DÖÞEMEALTI', N'7', N'ANTALYA')
INSERT [dbo].[REF_ILCELER] ([PKEY], [ILCEAD], [ILKOD], [ILAD]) VALUES (313, N'DUMLUPINAR', N'43', N'KÜTAHYA')
INSERT [dbo].[REF_ILCELER] ([PKEY], [ILCEAD], [ILKOD], [ILAD]) VALUES (314, N'DURAÐAN', N'57', N'SÝNOP')
INSERT [dbo].[REF_ILCELER] ([PKEY], [ILCEAD], [ILKOD], [ILAD]) VALUES (315, N'DURSUNBEY', N'10', N'BALIKESÝR')
INSERT [dbo].[REF_ILCELER] ([PKEY], [ILCEAD], [ILKOD], [ILAD]) VALUES (316, N'DÜZCE MERKEZ', N'81', N'DÜZCE')
INSERT [dbo].[REF_ILCELER] ([PKEY], [ILCEAD], [ILKOD], [ILAD]) VALUES (317, N'DÜZÝÇÝ', N'80', N'OSMANÝYE')
INSERT [dbo].[REF_ILCELER] ([PKEY], [ILCEAD], [ILKOD], [ILAD]) VALUES (318, N'DÜZKÖY', N'61', N'TRABZON')
INSERT [dbo].[REF_ILCELER] ([PKEY], [ILCEAD], [ILKOD], [ILAD]) VALUES (319, N'ECEABAT', N'17', N'ÇANAKKALE')
INSERT [dbo].[REF_ILCELER] ([PKEY], [ILCEAD], [ILKOD], [ILAD]) VALUES (320, N'EDÝRNE MERKEZ', N'22', N'EDÝRNE')
INSERT [dbo].[REF_ILCELER] ([PKEY], [ILCEAD], [ILKOD], [ILAD]) VALUES (321, N'EDREMÝT ', N'10', N'BALIKESÝR')
INSERT [dbo].[REF_ILCELER] ([PKEY], [ILCEAD], [ILKOD], [ILAD]) VALUES (322, N'EDREMÝT', N'65', N'VAN')
INSERT [dbo].[REF_ILCELER] ([PKEY], [ILCEAD], [ILKOD], [ILAD]) VALUES (323, N'EFLANÝ', N'78', N'KARABÜK')
INSERT [dbo].[REF_ILCELER] ([PKEY], [ILCEAD], [ILKOD], [ILAD]) VALUES (324, N'EÐÝL', N'21', N'DÝYARBAKIR')
INSERT [dbo].[REF_ILCELER] ([PKEY], [ILCEAD], [ILKOD], [ILAD]) VALUES (325, N'EÐÝRDÝR', N'32', N'ISPARTA')
INSERT [dbo].[REF_ILCELER] ([PKEY], [ILCEAD], [ILKOD], [ILAD]) VALUES (326, N'EKÝNÖZÜ', N'46', N'KAHRAMANMARAÞ')
INSERT [dbo].[REF_ILCELER] ([PKEY], [ILCEAD], [ILKOD], [ILAD]) VALUES (327, N'ELAZIÐ MERKEZ', N'23', N'ELAZIÐ')
INSERT [dbo].[REF_ILCELER] ([PKEY], [ILCEAD], [ILKOD], [ILAD]) VALUES (328, N'ELBEYLÝ', N'79', N'KÝLÝS')
INSERT [dbo].[REF_ILCELER] ([PKEY], [ILCEAD], [ILKOD], [ILAD]) VALUES (329, N'ELBÝSTAN', N'46', N'KAHRAMANMARAÞ')
INSERT [dbo].[REF_ILCELER] ([PKEY], [ILCEAD], [ILKOD], [ILAD]) VALUES (330, N'ELDÝVAN', N'18', N'ÇANKIRI')
INSERT [dbo].[REF_ILCELER] ([PKEY], [ILCEAD], [ILKOD], [ILAD]) VALUES (331, N'ELEÞKÝRT', N'4', N'AÐRI')
INSERT [dbo].[REF_ILCELER] ([PKEY], [ILCEAD], [ILKOD], [ILAD]) VALUES (332, N'ELMADAÐ', N'6', N'ANKARA')
INSERT [dbo].[REF_ILCELER] ([PKEY], [ILCEAD], [ILKOD], [ILAD]) VALUES (333, N'ELMALI', N'7', N'ANTALYA')
INSERT [dbo].[REF_ILCELER] ([PKEY], [ILCEAD], [ILKOD], [ILAD]) VALUES (334, N'EMET', N'43', N'KÜTAHYA')
INSERT [dbo].[REF_ILCELER] ([PKEY], [ILCEAD], [ILKOD], [ILAD]) VALUES (335, N'EMÝNÖNÜ', N'34', N'ÝSTANBUL')
INSERT [dbo].[REF_ILCELER] ([PKEY], [ILCEAD], [ILKOD], [ILAD]) VALUES (336, N'EMÝRDAÐ', N'3', N'AFYON')
INSERT [dbo].[REF_ILCELER] ([PKEY], [ILCEAD], [ILKOD], [ILAD]) VALUES (337, N'EMÝRGAZÝ', N'42', N'KONYA')
INSERT [dbo].[REF_ILCELER] ([PKEY], [ILCEAD], [ILKOD], [ILAD]) VALUES (338, N'ENEZ', N'22', N'EDÝRNE')
INSERT [dbo].[REF_ILCELER] ([PKEY], [ILCEAD], [ILKOD], [ILAD]) VALUES (339, N'ERBAA', N'60', N'TOKAT')
INSERT [dbo].[REF_ILCELER] ([PKEY], [ILCEAD], [ILKOD], [ILAD]) VALUES (340, N'ERCÝÞ', N'65', N'VAN')
INSERT [dbo].[REF_ILCELER] ([PKEY], [ILCEAD], [ILKOD], [ILAD]) VALUES (341, N'ERDEK', N'10', N'BALIKESÝR')
INSERT [dbo].[REF_ILCELER] ([PKEY], [ILCEAD], [ILKOD], [ILAD]) VALUES (342, N'ERDEMLÝ', N'33', N'MERSÝN')
INSERT [dbo].[REF_ILCELER] ([PKEY], [ILCEAD], [ILKOD], [ILAD]) VALUES (343, N'EREÐLÝ ', N'42', N'KONYA')
INSERT [dbo].[REF_ILCELER] ([PKEY], [ILCEAD], [ILKOD], [ILAD]) VALUES (344, N'EREÐLÝ', N'67', N'ZONGULDAK')
INSERT [dbo].[REF_ILCELER] ([PKEY], [ILCEAD], [ILKOD], [ILAD]) VALUES (345, N'ERENLER', N'54', N'SAKARYA')
INSERT [dbo].[REF_ILCELER] ([PKEY], [ILCEAD], [ILKOD], [ILAD]) VALUES (346, N'ERFELEK', N'57', N'SÝNOP')
INSERT [dbo].[REF_ILCELER] ([PKEY], [ILCEAD], [ILKOD], [ILAD]) VALUES (347, N'ERGANÝ', N'21', N'DÝYARBAKIR')
INSERT [dbo].[REF_ILCELER] ([PKEY], [ILCEAD], [ILKOD], [ILAD]) VALUES (348, N'ERMENEK', N'70', N'KARAMAN')
INSERT [dbo].[REF_ILCELER] ([PKEY], [ILCEAD], [ILKOD], [ILAD]) VALUES (349, N'ERUH', N'56', N'SÝÝRT')
INSERT [dbo].[REF_ILCELER] ([PKEY], [ILCEAD], [ILKOD], [ILAD]) VALUES (350, N'ERZÝN', N'31', N'HATAY')
INSERT [dbo].[REF_ILCELER] ([PKEY], [ILCEAD], [ILKOD], [ILAD]) VALUES (351, N'MERKEZ', N'24', N'ERZÝNCAN')
INSERT [dbo].[REF_ILCELER] ([PKEY], [ILCEAD], [ILKOD], [ILAD]) VALUES (352, N'MERKEZ', N'25', N'ERZURUM')
INSERT [dbo].[REF_ILCELER] ([PKEY], [ILCEAD], [ILKOD], [ILAD]) VALUES (353, N'ESENLER', N'34', N'ÝSTANBUL')
INSERT [dbo].[REF_ILCELER] ([PKEY], [ILCEAD], [ILKOD], [ILAD]) VALUES (354, N'ESENYURT', N'34', N'ÝSTANBUL')
INSERT [dbo].[REF_ILCELER] ([PKEY], [ILCEAD], [ILKOD], [ILAD]) VALUES (355, N'ESKÝL', N'68', N'AKSARAY')
INSERT [dbo].[REF_ILCELER] ([PKEY], [ILCEAD], [ILKOD], [ILAD]) VALUES (356, N'ESKÝPAZAR', N'78', N'KARABÜK')
INSERT [dbo].[REF_ILCELER] ([PKEY], [ILCEAD], [ILKOD], [ILAD]) VALUES (357, N'MERKEZ', N'26', N'ESKÝÞEHÝR')
INSERT [dbo].[REF_ILCELER] ([PKEY], [ILCEAD], [ILKOD], [ILAD]) VALUES (358, N'ESPÝYE', N'28', N'GÝRESUN')
INSERT [dbo].[REF_ILCELER] ([PKEY], [ILCEAD], [ILKOD], [ILAD]) VALUES (359, N'EÞME', N'64', N'UÞAK')
INSERT [dbo].[REF_ILCELER] ([PKEY], [ILCEAD], [ILKOD], [ILAD]) VALUES (360, N'ETÝMESGUT', N'6', N'ANKARA')
INSERT [dbo].[REF_ILCELER] ([PKEY], [ILCEAD], [ILKOD], [ILAD]) VALUES (361, N'EVCÝLER', N'3', N'AFYON')
INSERT [dbo].[REF_ILCELER] ([PKEY], [ILCEAD], [ILKOD], [ILAD]) VALUES (362, N'EVREN', N'6', N'ANKARA')
INSERT [dbo].[REF_ILCELER] ([PKEY], [ILCEAD], [ILKOD], [ILAD]) VALUES (363, N'EYNESÝL', N'28', N'GÝRESUN')
INSERT [dbo].[REF_ILCELER] ([PKEY], [ILCEAD], [ILKOD], [ILAD]) VALUES (364, N'EYÜP', N'34', N'ÝSTANBUL')
INSERT [dbo].[REF_ILCELER] ([PKEY], [ILCEAD], [ILKOD], [ILAD]) VALUES (365, N'EZÝNE', N'17', N'ÇANAKKALE')
INSERT [dbo].[REF_ILCELER] ([PKEY], [ILCEAD], [ILKOD], [ILAD]) VALUES (366, N'FATÝH', N'34', N'ÝSTANBUL')
INSERT [dbo].[REF_ILCELER] ([PKEY], [ILCEAD], [ILKOD], [ILAD]) VALUES (367, N'FATSA', N'52', N'ORDU')
INSERT [dbo].[REF_ILCELER] ([PKEY], [ILCEAD], [ILKOD], [ILAD]) VALUES (368, N'FEKE', N'1', N'ADANA')
INSERT [dbo].[REF_ILCELER] ([PKEY], [ILCEAD], [ILKOD], [ILAD]) VALUES (369, N'FELAHÝYE', N'38', N'KAYSERÝ')
INSERT [dbo].[REF_ILCELER] ([PKEY], [ILCEAD], [ILKOD], [ILAD]) VALUES (370, N'FERÝZLÝ', N'54', N'SAKARYA')
INSERT [dbo].[REF_ILCELER] ([PKEY], [ILCEAD], [ILKOD], [ILAD]) VALUES (371, N'FETHÝYE', N'48', N'MUÐLA')
INSERT [dbo].[REF_ILCELER] ([PKEY], [ILCEAD], [ILKOD], [ILAD]) VALUES (372, N'FINDIKLI', N'53', N'RÝZE')
INSERT [dbo].[REF_ILCELER] ([PKEY], [ILCEAD], [ILKOD], [ILAD]) VALUES (373, N'FÝNÝKE', N'7', N'ANTALYA')
INSERT [dbo].[REF_ILCELER] ([PKEY], [ILCEAD], [ILKOD], [ILAD]) VALUES (374, N'FOÇA', N'35', N'ÝZMÝR')
INSERT [dbo].[REF_ILCELER] ([PKEY], [ILCEAD], [ILKOD], [ILAD]) VALUES (375, N'GAZÝEMÝR', N'35', N'ÝZMÝR')
INSERT [dbo].[REF_ILCELER] ([PKEY], [ILCEAD], [ILKOD], [ILAD]) VALUES (376, N'GAZÝOSMANPAÞA', N'34', N'ÝSTANBUL')
INSERT [dbo].[REF_ILCELER] ([PKEY], [ILCEAD], [ILKOD], [ILAD]) VALUES (377, N'GAZÝPAÞA', N'7', N'ANTALYA')
INSERT [dbo].[REF_ILCELER] ([PKEY], [ILCEAD], [ILKOD], [ILAD]) VALUES (378, N'GEBZE', N'41', N'KOCAELÝ')
INSERT [dbo].[REF_ILCELER] ([PKEY], [ILCEAD], [ILKOD], [ILAD]) VALUES (379, N'GEDÝZ', N'43', N'KÜTAHYA')
INSERT [dbo].[REF_ILCELER] ([PKEY], [ILCEAD], [ILKOD], [ILAD]) VALUES (380, N'GELENDOST', N'32', N'ISPARTA')
INSERT [dbo].[REF_ILCELER] ([PKEY], [ILCEAD], [ILKOD], [ILAD]) VALUES (381, N'GELÝBOLU', N'17', N'ÇANAKKALE')
INSERT [dbo].[REF_ILCELER] ([PKEY], [ILCEAD], [ILKOD], [ILAD]) VALUES (382, N'GEMEREK', N'58', N'SÝVAS')
INSERT [dbo].[REF_ILCELER] ([PKEY], [ILCEAD], [ILKOD], [ILAD]) VALUES (383, N'GEMLÝK', N'16', N'BURSA')
INSERT [dbo].[REF_ILCELER] ([PKEY], [ILCEAD], [ILKOD], [ILAD]) VALUES (384, N'GENÇ', N'12', N'BÝNGÖL')
INSERT [dbo].[REF_ILCELER] ([PKEY], [ILCEAD], [ILKOD], [ILAD]) VALUES (385, N'GERCÜÞ', N'72', N'BATMAN')
INSERT [dbo].[REF_ILCELER] ([PKEY], [ILCEAD], [ILKOD], [ILAD]) VALUES (386, N'GEREDE', N'14', N'BOLU')
INSERT [dbo].[REF_ILCELER] ([PKEY], [ILCEAD], [ILKOD], [ILAD]) VALUES (387, N'GERGER', N'2', N'ADIYAMAN')
INSERT [dbo].[REF_ILCELER] ([PKEY], [ILCEAD], [ILKOD], [ILAD]) VALUES (388, N'GERMENCÝK', N'9', N'AYDIN')
INSERT [dbo].[REF_ILCELER] ([PKEY], [ILCEAD], [ILKOD], [ILAD]) VALUES (389, N'GERZE', N'57', N'SÝNOP')
INSERT [dbo].[REF_ILCELER] ([PKEY], [ILCEAD], [ILKOD], [ILAD]) VALUES (390, N'GEVAÞ', N'65', N'VAN')
INSERT [dbo].[REF_ILCELER] ([PKEY], [ILCEAD], [ILKOD], [ILAD]) VALUES (391, N'GEYVE', N'54', N'SAKARYA')
INSERT [dbo].[REF_ILCELER] ([PKEY], [ILCEAD], [ILKOD], [ILAD]) VALUES (392, N'GÝRESUN MERKEZ', N'28', N'GÝRESUN')
INSERT [dbo].[REF_ILCELER] ([PKEY], [ILCEAD], [ILKOD], [ILAD]) VALUES (393, N'GÖKÇEADA', N'17', N'ÇANAKKALE')
INSERT [dbo].[REF_ILCELER] ([PKEY], [ILCEAD], [ILKOD], [ILAD]) VALUES (394, N'GÖKÇEBEY', N'67', N'ZONGULDAK')
INSERT [dbo].[REF_ILCELER] ([PKEY], [ILCEAD], [ILKOD], [ILAD]) VALUES (395, N'GÖKSUN', N'46', N'KAHRAMANMARAÞ')
INSERT [dbo].[REF_ILCELER] ([PKEY], [ILCEAD], [ILKOD], [ILAD]) VALUES (396, N'GÖLBAÞI ', N'2', N'ADIYAMAN')
INSERT [dbo].[REF_ILCELER] ([PKEY], [ILCEAD], [ILKOD], [ILAD]) VALUES (397, N'GÖLBAÞI ', N'6', N'ANKARA')
INSERT [dbo].[REF_ILCELER] ([PKEY], [ILCEAD], [ILKOD], [ILAD]) VALUES (398, N'GÖLCÜK', N'41', N'KOCAELÝ')
INSERT [dbo].[REF_ILCELER] ([PKEY], [ILCEAD], [ILKOD], [ILAD]) VALUES (399, N'GÖLE', N'75', N'ARDAHAN')
INSERT [dbo].[REF_ILCELER] ([PKEY], [ILCEAD], [ILKOD], [ILAD]) VALUES (400, N'GÖLHÝSAR', N'15', N'BURDUR')
INSERT [dbo].[REF_ILCELER] ([PKEY], [ILCEAD], [ILKOD], [ILAD]) VALUES (401, N'GÖLKÖY', N'52', N'ORDU')
INSERT [dbo].[REF_ILCELER] ([PKEY], [ILCEAD], [ILKOD], [ILAD]) VALUES (402, N'GÖLMARMARA', N'45', N'MANÝSA')
INSERT [dbo].[REF_ILCELER] ([PKEY], [ILCEAD], [ILKOD], [ILAD]) VALUES (403, N'GÖLOVA', N'58', N'SÝVAS')
GO
print 'Processed 400 total records'
INSERT [dbo].[REF_ILCELER] ([PKEY], [ILCEAD], [ILKOD], [ILAD]) VALUES (404, N'GÖLPAZARI', N'11', N'BÝLECÝK')
INSERT [dbo].[REF_ILCELER] ([PKEY], [ILCEAD], [ILKOD], [ILAD]) VALUES (405, N'GÖLYAKA', N'81', N'DÜZCE')
INSERT [dbo].[REF_ILCELER] ([PKEY], [ILCEAD], [ILKOD], [ILAD]) VALUES (406, N'GÖMEÇ', N'10', N'BALIKESÝR')
INSERT [dbo].[REF_ILCELER] ([PKEY], [ILCEAD], [ILKOD], [ILAD]) VALUES (407, N'GÖNEN', N'10', N'BALIKESÝR')
INSERT [dbo].[REF_ILCELER] ([PKEY], [ILCEAD], [ILKOD], [ILAD]) VALUES (408, N'GÖNEN ', N'32', N'ISPARTA')
INSERT [dbo].[REF_ILCELER] ([PKEY], [ILCEAD], [ILKOD], [ILAD]) VALUES (409, N'GÖRDES', N'45', N'MANÝSA')
INSERT [dbo].[REF_ILCELER] ([PKEY], [ILCEAD], [ILKOD], [ILAD]) VALUES (410, N'GÖRELE', N'28', N'GÝRESUN')
INSERT [dbo].[REF_ILCELER] ([PKEY], [ILCEAD], [ILKOD], [ILAD]) VALUES (411, N'GÖYNÜCEK', N'5', N'AMASYA')
INSERT [dbo].[REF_ILCELER] ([PKEY], [ILCEAD], [ILKOD], [ILAD]) VALUES (412, N'GÖYNÜK', N'14', N'BOLU')
INSERT [dbo].[REF_ILCELER] ([PKEY], [ILCEAD], [ILKOD], [ILAD]) VALUES (413, N'GÜCE', N'28', N'GÝRESUN')
INSERT [dbo].[REF_ILCELER] ([PKEY], [ILCEAD], [ILKOD], [ILAD]) VALUES (414, N'GÜÇLÜKONAK', N'73', N'ÞIRNAK')
INSERT [dbo].[REF_ILCELER] ([PKEY], [ILCEAD], [ILKOD], [ILAD]) VALUES (415, N'GÜDÜL', N'6', N'ANKARA')
INSERT [dbo].[REF_ILCELER] ([PKEY], [ILCEAD], [ILKOD], [ILAD]) VALUES (416, N'GÜLAÐAÇ', N'68', N'AKSARAY')
INSERT [dbo].[REF_ILCELER] ([PKEY], [ILCEAD], [ILKOD], [ILAD]) VALUES (417, N'GÜLNAR', N'33', N'MERSÝN')
INSERT [dbo].[REF_ILCELER] ([PKEY], [ILCEAD], [ILKOD], [ILAD]) VALUES (418, N'GÜLÞEHÝR', N'50', N'NEVÞEHÝR')
INSERT [dbo].[REF_ILCELER] ([PKEY], [ILCEAD], [ILKOD], [ILAD]) VALUES (419, N'GÜLYALI', N'52', N'ORDU')
INSERT [dbo].[REF_ILCELER] ([PKEY], [ILCEAD], [ILKOD], [ILAD]) VALUES (420, N'GÜMÜÞHACIKÖY', N'5', N'AMASYA')
INSERT [dbo].[REF_ILCELER] ([PKEY], [ILCEAD], [ILKOD], [ILAD]) VALUES (421, N'GÜMÜÞHANE ', N'29', N'GÜMÜÞHANE')
INSERT [dbo].[REF_ILCELER] ([PKEY], [ILCEAD], [ILKOD], [ILAD]) VALUES (422, N'GÜMÜÞOVA', N'81', N'DÜZCE')
INSERT [dbo].[REF_ILCELER] ([PKEY], [ILCEAD], [ILKOD], [ILAD]) VALUES (423, N'GÜNDOÐMUÞ', N'7', N'ANTALYA')
INSERT [dbo].[REF_ILCELER] ([PKEY], [ILCEAD], [ILKOD], [ILAD]) VALUES (424, N'GÜNEY', N'20', N'DENÝZLÝ')
INSERT [dbo].[REF_ILCELER] ([PKEY], [ILCEAD], [ILKOD], [ILAD]) VALUES (425, N'GÜNEYSINIR', N'42', N'KONYA')
INSERT [dbo].[REF_ILCELER] ([PKEY], [ILCEAD], [ILKOD], [ILAD]) VALUES (426, N'GÜNEYSU', N'53', N'RÝZE')
INSERT [dbo].[REF_ILCELER] ([PKEY], [ILCEAD], [ILKOD], [ILAD]) VALUES (427, N'GÜNGÖREN', N'34', N'ÝSTANBUL')
INSERT [dbo].[REF_ILCELER] ([PKEY], [ILCEAD], [ILKOD], [ILAD]) VALUES (428, N'GÜNYÜZÜ', N'26', N'ESKÝÞEHÝR')
INSERT [dbo].[REF_ILCELER] ([PKEY], [ILCEAD], [ILKOD], [ILAD]) VALUES (429, N'GÜRGENTEPE', N'52', N'ORDU')
INSERT [dbo].[REF_ILCELER] ([PKEY], [ILCEAD], [ILKOD], [ILAD]) VALUES (430, N'GÜROYMAK', N'13', N'BÝTLÝS')
INSERT [dbo].[REF_ILCELER] ([PKEY], [ILCEAD], [ILKOD], [ILAD]) VALUES (431, N'GÜRPINAR', N'65', N'VAN')
INSERT [dbo].[REF_ILCELER] ([PKEY], [ILCEAD], [ILKOD], [ILAD]) VALUES (432, N'GÜRSU', N'16', N'BURSA')
INSERT [dbo].[REF_ILCELER] ([PKEY], [ILCEAD], [ILKOD], [ILAD]) VALUES (433, N'GÜRÜN', N'58', N'SÝVAS')
INSERT [dbo].[REF_ILCELER] ([PKEY], [ILCEAD], [ILKOD], [ILAD]) VALUES (434, N'GÜZELBAHÇE', N'35', N'ÝZMÝR')
INSERT [dbo].[REF_ILCELER] ([PKEY], [ILCEAD], [ILKOD], [ILAD]) VALUES (435, N'GÜZELYURT', N'68', N'AKSARAY')
INSERT [dbo].[REF_ILCELER] ([PKEY], [ILCEAD], [ILKOD], [ILAD]) VALUES (436, N'HACIBEKTAÞ', N'50', N'NEVÞEHÝR')
INSERT [dbo].[REF_ILCELER] ([PKEY], [ILCEAD], [ILKOD], [ILAD]) VALUES (437, N'HACILAR', N'38', N'KAYSERÝ')
INSERT [dbo].[REF_ILCELER] ([PKEY], [ILCEAD], [ILKOD], [ILAD]) VALUES (438, N'HADÝM', N'42', N'KONYA')
INSERT [dbo].[REF_ILCELER] ([PKEY], [ILCEAD], [ILKOD], [ILAD]) VALUES (439, N'HAFÝK', N'58', N'SÝVAS')
INSERT [dbo].[REF_ILCELER] ([PKEY], [ILCEAD], [ILKOD], [ILAD]) VALUES (440, N'HAKKARÝ MERKEZ', N'30', N'HAKKARÝ')
INSERT [dbo].[REF_ILCELER] ([PKEY], [ILCEAD], [ILKOD], [ILAD]) VALUES (441, N'HALFETÝ', N'63', N'ÞANLIURFA')
INSERT [dbo].[REF_ILCELER] ([PKEY], [ILCEAD], [ILKOD], [ILAD]) VALUES (442, N'HALKAPINAR', N'42', N'KONYA')
INSERT [dbo].[REF_ILCELER] ([PKEY], [ILCEAD], [ILKOD], [ILAD]) VALUES (443, N'HAMAMÖZÜ', N'5', N'AMASYA')
INSERT [dbo].[REF_ILCELER] ([PKEY], [ILCEAD], [ILKOD], [ILAD]) VALUES (444, N'HAMUR', N'4', N'AÐRI')
INSERT [dbo].[REF_ILCELER] ([PKEY], [ILCEAD], [ILKOD], [ILAD]) VALUES (445, N'HAN', N'26', N'ESKÝÞEHÝR')
INSERT [dbo].[REF_ILCELER] ([PKEY], [ILCEAD], [ILKOD], [ILAD]) VALUES (446, N'HANAK', N'75', N'ARDAHAN')
INSERT [dbo].[REF_ILCELER] ([PKEY], [ILCEAD], [ILKOD], [ILAD]) VALUES (447, N'HANÝ', N'21', N'DÝYARBAKIR')
INSERT [dbo].[REF_ILCELER] ([PKEY], [ILCEAD], [ILKOD], [ILAD]) VALUES (448, N'HANÖNÜ', N'37', N'KASTAMONU')
INSERT [dbo].[REF_ILCELER] ([PKEY], [ILCEAD], [ILKOD], [ILAD]) VALUES (449, N'HARMANCIK', N'16', N'BURSA')
INSERT [dbo].[REF_ILCELER] ([PKEY], [ILCEAD], [ILKOD], [ILAD]) VALUES (450, N'HARRAN', N'63', N'ÞANLIURFA')
INSERT [dbo].[REF_ILCELER] ([PKEY], [ILCEAD], [ILKOD], [ILAD]) VALUES (451, N'HASANBEYLÝ', N'80', N'OSMANÝYE')
INSERT [dbo].[REF_ILCELER] ([PKEY], [ILCEAD], [ILKOD], [ILAD]) VALUES (452, N'HASANKEYF', N'72', N'BATMAN')
INSERT [dbo].[REF_ILCELER] ([PKEY], [ILCEAD], [ILKOD], [ILAD]) VALUES (453, N'HASKÖY', N'49', N'MUÞ')
INSERT [dbo].[REF_ILCELER] ([PKEY], [ILCEAD], [ILKOD], [ILAD]) VALUES (454, N'HASSA', N'31', N'HATAY')
INSERT [dbo].[REF_ILCELER] ([PKEY], [ILCEAD], [ILKOD], [ILAD]) VALUES (455, N'HATAY MERKEZ', N'31', N'HATAY')
INSERT [dbo].[REF_ILCELER] ([PKEY], [ILCEAD], [ILKOD], [ILAD]) VALUES (456, N'HAVRAN', N'10', N'BALIKESÝR')
INSERT [dbo].[REF_ILCELER] ([PKEY], [ILCEAD], [ILKOD], [ILAD]) VALUES (457, N'HAVSA', N'22', N'EDÝRNE')
INSERT [dbo].[REF_ILCELER] ([PKEY], [ILCEAD], [ILKOD], [ILAD]) VALUES (458, N'HAVZA', N'55', N'SAMSUN')
INSERT [dbo].[REF_ILCELER] ([PKEY], [ILCEAD], [ILKOD], [ILAD]) VALUES (459, N'HAYMANA', N'6', N'ANKARA')
INSERT [dbo].[REF_ILCELER] ([PKEY], [ILCEAD], [ILKOD], [ILAD]) VALUES (460, N'HAYRABOLU', N'59', N'TEKÝRDAÐ')
INSERT [dbo].[REF_ILCELER] ([PKEY], [ILCEAD], [ILKOD], [ILAD]) VALUES (461, N'HAYRAT', N'61', N'TRABZON')
INSERT [dbo].[REF_ILCELER] ([PKEY], [ILCEAD], [ILKOD], [ILAD]) VALUES (462, N'HAZRO', N'21', N'DÝYARBAKIR')
INSERT [dbo].[REF_ILCELER] ([PKEY], [ILCEAD], [ILKOD], [ILAD]) VALUES (463, N'HEKÝMHAN', N'44', N'MALATYA')
INSERT [dbo].[REF_ILCELER] ([PKEY], [ILCEAD], [ILKOD], [ILAD]) VALUES (464, N'HEMÞÝN', N'53', N'RÝZE')
INSERT [dbo].[REF_ILCELER] ([PKEY], [ILCEAD], [ILKOD], [ILAD]) VALUES (465, N'HENDEK', N'54', N'SAKARYA')
INSERT [dbo].[REF_ILCELER] ([PKEY], [ILCEAD], [ILKOD], [ILAD]) VALUES (466, N'HINIS', N'25', N'ERZURUM')
INSERT [dbo].[REF_ILCELER] ([PKEY], [ILCEAD], [ILKOD], [ILAD]) VALUES (467, N'HÝLVAN', N'63', N'ÞANLIURFA')
INSERT [dbo].[REF_ILCELER] ([PKEY], [ILCEAD], [ILKOD], [ILAD]) VALUES (468, N'HÝSARCIK', N'43', N'KÜTAHYA')
INSERT [dbo].[REF_ILCELER] ([PKEY], [ILCEAD], [ILKOD], [ILAD]) VALUES (469, N'HÝZAN', N'13', N'BÝTLÝS')
INSERT [dbo].[REF_ILCELER] ([PKEY], [ILCEAD], [ILKOD], [ILAD]) VALUES (470, N'HOCALAR', N'3', N'AFYON')
INSERT [dbo].[REF_ILCELER] ([PKEY], [ILCEAD], [ILKOD], [ILAD]) VALUES (471, N'HONAZ', N'20', N'DENÝZLÝ')
INSERT [dbo].[REF_ILCELER] ([PKEY], [ILCEAD], [ILKOD], [ILAD]) VALUES (472, N'HOPA', N'8', N'ARTVÝN')
INSERT [dbo].[REF_ILCELER] ([PKEY], [ILCEAD], [ILKOD], [ILAD]) VALUES (473, N'HORASAN', N'25', N'ERZURUM')
INSERT [dbo].[REF_ILCELER] ([PKEY], [ILCEAD], [ILKOD], [ILAD]) VALUES (474, N'HOZAT', N'62', N'TUNCELÝ')
INSERT [dbo].[REF_ILCELER] ([PKEY], [ILCEAD], [ILKOD], [ILAD]) VALUES (475, N'HÜYÜK', N'42', N'KONYA')
INSERT [dbo].[REF_ILCELER] ([PKEY], [ILCEAD], [ILKOD], [ILAD]) VALUES (476, N'IÐDIR MERKEZ', N'76', N'IÐDIR')
INSERT [dbo].[REF_ILCELER] ([PKEY], [ILCEAD], [ILKOD], [ILAD]) VALUES (477, N'ILGAZ', N'18', N'ÇANKIRI')
INSERT [dbo].[REF_ILCELER] ([PKEY], [ILCEAD], [ILKOD], [ILAD]) VALUES (478, N'ILGIN', N'42', N'KONYA')
INSERT [dbo].[REF_ILCELER] ([PKEY], [ILCEAD], [ILKOD], [ILAD]) VALUES (479, N'ISPARTA MERKEZ', N'32', N'ISPARTA')
INSERT [dbo].[REF_ILCELER] ([PKEY], [ILCEAD], [ILKOD], [ILAD]) VALUES (480, N'ÝBRADI', N'7', N'ANTALYA')
INSERT [dbo].[REF_ILCELER] ([PKEY], [ILCEAD], [ILKOD], [ILAD]) VALUES (481, N'ÝDÝL', N'73', N'ÞIRNAK')
INSERT [dbo].[REF_ILCELER] ([PKEY], [ILCEAD], [ILKOD], [ILAD]) VALUES (482, N'ÝHSANGAZÝ', N'37', N'KASTAMONU')
INSERT [dbo].[REF_ILCELER] ([PKEY], [ILCEAD], [ILKOD], [ILAD]) VALUES (483, N'ÝHSANÝYE', N'3', N'AFYON')
INSERT [dbo].[REF_ILCELER] ([PKEY], [ILCEAD], [ILKOD], [ILAD]) VALUES (484, N'ÝKÝZCE', N'52', N'ORDU')
INSERT [dbo].[REF_ILCELER] ([PKEY], [ILCEAD], [ILKOD], [ILAD]) VALUES (485, N'ÝKÝZDERE', N'53', N'RÝZE')
INSERT [dbo].[REF_ILCELER] ([PKEY], [ILCEAD], [ILKOD], [ILAD]) VALUES (486, N'ÝLÝÇ', N'24', N'ERZÝNCAN')
INSERT [dbo].[REF_ILCELER] ([PKEY], [ILCEAD], [ILKOD], [ILAD]) VALUES (487, N'ÝLKADIM', N'55', N'SAMSUN')
INSERT [dbo].[REF_ILCELER] ([PKEY], [ILCEAD], [ILKOD], [ILAD]) VALUES (488, N'ÝMAMOÐLU', N'1', N'ADANA')
INSERT [dbo].[REF_ILCELER] ([PKEY], [ILCEAD], [ILKOD], [ILAD]) VALUES (489, N'ÝMRANLI', N'58', N'SÝVAS')
INSERT [dbo].[REF_ILCELER] ([PKEY], [ILCEAD], [ILKOD], [ILAD]) VALUES (490, N'ÝNCESU', N'38', N'KAYSERÝ')
INSERT [dbo].[REF_ILCELER] ([PKEY], [ILCEAD], [ILKOD], [ILAD]) VALUES (491, N'ÝNCÝRLÝOVA', N'9', N'AYDIN')
INSERT [dbo].[REF_ILCELER] ([PKEY], [ILCEAD], [ILKOD], [ILAD]) VALUES (492, N'ÝNEBOLU', N'37', N'KASTAMONU')
INSERT [dbo].[REF_ILCELER] ([PKEY], [ILCEAD], [ILKOD], [ILAD]) VALUES (493, N'ÝNEGÖL', N'16', N'BURSA')
INSERT [dbo].[REF_ILCELER] ([PKEY], [ILCEAD], [ILKOD], [ILAD]) VALUES (494, N'ÝNHÝSAR', N'11', N'BÝLECÝK')
INSERT [dbo].[REF_ILCELER] ([PKEY], [ILCEAD], [ILKOD], [ILAD]) VALUES (495, N'ÝNÖNÜ', N'26', N'ESKÝÞEHÝR')
INSERT [dbo].[REF_ILCELER] ([PKEY], [ILCEAD], [ILKOD], [ILAD]) VALUES (496, N'ÝPSALA', N'22', N'EDÝRNE')
INSERT [dbo].[REF_ILCELER] ([PKEY], [ILCEAD], [ILKOD], [ILAD]) VALUES (497, N'ÝSCEHÝSAR', N'3', N'AFYON')
INSERT [dbo].[REF_ILCELER] ([PKEY], [ILCEAD], [ILKOD], [ILAD]) VALUES (498, N'ÝSKENDERUN', N'31', N'HATAY')
INSERT [dbo].[REF_ILCELER] ([PKEY], [ILCEAD], [ILKOD], [ILAD]) VALUES (499, N'ÝSKÝLÝP', N'19', N'ÇORUM')
INSERT [dbo].[REF_ILCELER] ([PKEY], [ILCEAD], [ILKOD], [ILAD]) VALUES (500, N'ÝSLAHÝYE', N'27', N'GAZÝANTEP')
INSERT [dbo].[REF_ILCELER] ([PKEY], [ILCEAD], [ILKOD], [ILAD]) VALUES (501, N'ÝSPÝR', N'25', N'ERZURUM')
INSERT [dbo].[REF_ILCELER] ([PKEY], [ILCEAD], [ILKOD], [ILAD]) VALUES (502, N'ÝVRÝNDÝ', N'10', N'BALIKESÝR')
INSERT [dbo].[REF_ILCELER] ([PKEY], [ILCEAD], [ILKOD], [ILAD]) VALUES (503, N'ÝYÝDERE', N'53', N'RÝZE')
INSERT [dbo].[REF_ILCELER] ([PKEY], [ILCEAD], [ILKOD], [ILAD]) VALUES (504, N'ÝZMÝT', N'41', N'KOCAELÝ')
GO
print 'Processed 500 total records'
INSERT [dbo].[REF_ILCELER] ([PKEY], [ILCEAD], [ILKOD], [ILAD]) VALUES (505, N'ÝZNÝK', N'16', N'BURSA')
INSERT [dbo].[REF_ILCELER] ([PKEY], [ILCEAD], [ILKOD], [ILAD]) VALUES (506, N'KABADÜZ', N'52', N'ORDU')
INSERT [dbo].[REF_ILCELER] ([PKEY], [ILCEAD], [ILKOD], [ILAD]) VALUES (507, N'KABATAÞ', N'52', N'ORDU')
INSERT [dbo].[REF_ILCELER] ([PKEY], [ILCEAD], [ILKOD], [ILAD]) VALUES (508, N'KADIKÖY', N'34', N'ÝSTANBUL')
INSERT [dbo].[REF_ILCELER] ([PKEY], [ILCEAD], [ILKOD], [ILAD]) VALUES (509, N'KADINHANI', N'42', N'KONYA')
INSERT [dbo].[REF_ILCELER] ([PKEY], [ILCEAD], [ILKOD], [ILAD]) VALUES (510, N'KADIÞEHRÝ', N'66', N'YOZGAT')
INSERT [dbo].[REF_ILCELER] ([PKEY], [ILCEAD], [ILKOD], [ILAD]) VALUES (511, N'KADÝRLÝ', N'80', N'OSMANÝYE')
INSERT [dbo].[REF_ILCELER] ([PKEY], [ILCEAD], [ILKOD], [ILAD]) VALUES (512, N'KAÐITHANE', N'34', N'ÝSTANBUL')
INSERT [dbo].[REF_ILCELER] ([PKEY], [ILCEAD], [ILKOD], [ILAD]) VALUES (513, N'KAÐIZMAN', N'36', N'KARS')
INSERT [dbo].[REF_ILCELER] ([PKEY], [ILCEAD], [ILKOD], [ILAD]) VALUES (514, N'MERKEZ', N'46', N'KAHRAMANMARAÞ')
INSERT [dbo].[REF_ILCELER] ([PKEY], [ILCEAD], [ILKOD], [ILAD]) VALUES (515, N'KAHTA', N'2', N'ADIYAMAN')
INSERT [dbo].[REF_ILCELER] ([PKEY], [ILCEAD], [ILKOD], [ILAD]) VALUES (516, N'KALE / DENÝZLÝ', N'20', N'DENÝZLÝ')
INSERT [dbo].[REF_ILCELER] ([PKEY], [ILCEAD], [ILKOD], [ILAD]) VALUES (517, N'KALE / MALATYA', N'44', N'MALATYA')
INSERT [dbo].[REF_ILCELER] ([PKEY], [ILCEAD], [ILKOD], [ILAD]) VALUES (518, N'KALECÝK', N'6', N'ANKARA')
INSERT [dbo].[REF_ILCELER] ([PKEY], [ILCEAD], [ILKOD], [ILAD]) VALUES (519, N'KALKANDERE', N'53', N'RÝZE')
INSERT [dbo].[REF_ILCELER] ([PKEY], [ILCEAD], [ILKOD], [ILAD]) VALUES (520, N'KAMAN', N'40', N'KIRÞEHÝR')
INSERT [dbo].[REF_ILCELER] ([PKEY], [ILCEAD], [ILKOD], [ILAD]) VALUES (521, N'KANDIRA', N'41', N'KOCAELÝ')
INSERT [dbo].[REF_ILCELER] ([PKEY], [ILCEAD], [ILKOD], [ILAD]) VALUES (522, N'KANGAL', N'58', N'SÝVAS')
INSERT [dbo].[REF_ILCELER] ([PKEY], [ILCEAD], [ILKOD], [ILAD]) VALUES (523, N'KARABAÐLAR', N'35', N'ÝZMÝR')
INSERT [dbo].[REF_ILCELER] ([PKEY], [ILCEAD], [ILKOD], [ILAD]) VALUES (524, N'KARABURUN', N'35', N'ÝZMÝR')
INSERT [dbo].[REF_ILCELER] ([PKEY], [ILCEAD], [ILKOD], [ILAD]) VALUES (525, N'KARABÜK MERKEZ', N'78', N'KARABÜK')
INSERT [dbo].[REF_ILCELER] ([PKEY], [ILCEAD], [ILKOD], [ILAD]) VALUES (526, N'KARACABEY', N'16', N'BURSA')
INSERT [dbo].[REF_ILCELER] ([PKEY], [ILCEAD], [ILKOD], [ILAD]) VALUES (527, N'KARACASU', N'9', N'AYDIN')
INSERT [dbo].[REF_ILCELER] ([PKEY], [ILCEAD], [ILKOD], [ILAD]) VALUES (528, N'KARAÇOBAN', N'25', N'ERZURUM')
INSERT [dbo].[REF_ILCELER] ([PKEY], [ILCEAD], [ILKOD], [ILAD]) VALUES (529, N'KARAHALLI', N'64', N'UÞAK')
INSERT [dbo].[REF_ILCELER] ([PKEY], [ILCEAD], [ILKOD], [ILAD]) VALUES (530, N'KARAÝSALI', N'1', N'ADANA')
INSERT [dbo].[REF_ILCELER] ([PKEY], [ILCEAD], [ILKOD], [ILAD]) VALUES (531, N'KARAKEÇÝLÝ', N'71', N'KIRIKKALE')
INSERT [dbo].[REF_ILCELER] ([PKEY], [ILCEAD], [ILKOD], [ILAD]) VALUES (532, N'KARAKOÇAN', N'23', N'ELAZIÐ')
INSERT [dbo].[REF_ILCELER] ([PKEY], [ILCEAD], [ILKOD], [ILAD]) VALUES (533, N'KARAKOYUNLU', N'76', N'IÐDIR')
INSERT [dbo].[REF_ILCELER] ([PKEY], [ILCEAD], [ILKOD], [ILAD]) VALUES (534, N'KARAMAN MERKEZ', N'70', N'KARAMAN')
INSERT [dbo].[REF_ILCELER] ([PKEY], [ILCEAD], [ILKOD], [ILAD]) VALUES (535, N'KARAMANLI', N'15', N'BURDUR')
INSERT [dbo].[REF_ILCELER] ([PKEY], [ILCEAD], [ILKOD], [ILAD]) VALUES (536, N'KARAMÜRSEL', N'41', N'KOCAELÝ')
INSERT [dbo].[REF_ILCELER] ([PKEY], [ILCEAD], [ILKOD], [ILAD]) VALUES (537, N'KARAPINAR', N'42', N'KONYA')
INSERT [dbo].[REF_ILCELER] ([PKEY], [ILCEAD], [ILKOD], [ILAD]) VALUES (538, N'KARAPÜRÇEK', N'54', N'SAKARYA')
INSERT [dbo].[REF_ILCELER] ([PKEY], [ILCEAD], [ILKOD], [ILAD]) VALUES (539, N'KARASU', N'54', N'SAKARYA')
INSERT [dbo].[REF_ILCELER] ([PKEY], [ILCEAD], [ILKOD], [ILAD]) VALUES (540, N'KARATAÞ', N'1', N'ADANA')
INSERT [dbo].[REF_ILCELER] ([PKEY], [ILCEAD], [ILKOD], [ILAD]) VALUES (541, N'KARATAY', N'42', N'KONYA')
INSERT [dbo].[REF_ILCELER] ([PKEY], [ILCEAD], [ILKOD], [ILAD]) VALUES (542, N'KARAYAZI', N'25', N'ERZURUM')
INSERT [dbo].[REF_ILCELER] ([PKEY], [ILCEAD], [ILKOD], [ILAD]) VALUES (543, N'KARGI', N'19', N'ÇORUM')
INSERT [dbo].[REF_ILCELER] ([PKEY], [ILCEAD], [ILKOD], [ILAD]) VALUES (544, N'KARKAMIÞ', N'27', N'GAZÝANTEP')
INSERT [dbo].[REF_ILCELER] ([PKEY], [ILCEAD], [ILKOD], [ILAD]) VALUES (545, N'KARLIOVA', N'12', N'BÝNGÖL')
INSERT [dbo].[REF_ILCELER] ([PKEY], [ILCEAD], [ILKOD], [ILAD]) VALUES (546, N'KARPUZLU', N'9', N'AYDIN')
INSERT [dbo].[REF_ILCELER] ([PKEY], [ILCEAD], [ILKOD], [ILAD]) VALUES (547, N'KARS MERKEZ', N'36', N'KARS')
INSERT [dbo].[REF_ILCELER] ([PKEY], [ILCEAD], [ILKOD], [ILAD]) VALUES (548, N'KARÞIYAKA', N'35', N'ÝZMÝR')
INSERT [dbo].[REF_ILCELER] ([PKEY], [ILCEAD], [ILKOD], [ILAD]) VALUES (549, N'KARTAL', N'34', N'ÝSTANBUL')
INSERT [dbo].[REF_ILCELER] ([PKEY], [ILCEAD], [ILKOD], [ILAD]) VALUES (550, N'KARTEPE', N'41', N'KOCAELÝ')
INSERT [dbo].[REF_ILCELER] ([PKEY], [ILCEAD], [ILKOD], [ILAD]) VALUES (551, N'MERKEZ', N'37', N'KASTAMONU')
INSERT [dbo].[REF_ILCELER] ([PKEY], [ILCEAD], [ILKOD], [ILAD]) VALUES (552, N'KAÞ', N'7', N'ANTALYA')
INSERT [dbo].[REF_ILCELER] ([PKEY], [ILCEAD], [ILKOD], [ILAD]) VALUES (553, N'KAVAK', N'55', N'SAMSUN')
INSERT [dbo].[REF_ILCELER] ([PKEY], [ILCEAD], [ILKOD], [ILAD]) VALUES (554, N'KAVAKLIDERE', N'48', N'MUÐLA')
INSERT [dbo].[REF_ILCELER] ([PKEY], [ILCEAD], [ILKOD], [ILAD]) VALUES (555, N'KAYAPINAR', N'21', N'DÝYARBAKIR')
INSERT [dbo].[REF_ILCELER] ([PKEY], [ILCEAD], [ILKOD], [ILAD]) VALUES (556, N'KAYNARCA', N'54', N'SAKARYA')
INSERT [dbo].[REF_ILCELER] ([PKEY], [ILCEAD], [ILKOD], [ILAD]) VALUES (557, N'KAYNAÞLI', N'81', N'DÜZCE')
INSERT [dbo].[REF_ILCELER] ([PKEY], [ILCEAD], [ILKOD], [ILAD]) VALUES (558, N'KAZAN', N'6', N'ANKARA')
INSERT [dbo].[REF_ILCELER] ([PKEY], [ILCEAD], [ILKOD], [ILAD]) VALUES (559, N'KAZIMKARABEKÝR', N'70', N'KARAMAN')
INSERT [dbo].[REF_ILCELER] ([PKEY], [ILCEAD], [ILKOD], [ILAD]) VALUES (560, N'KEBAN', N'23', N'ELAZIÐ')
INSERT [dbo].[REF_ILCELER] ([PKEY], [ILCEAD], [ILKOD], [ILAD]) VALUES (561, N'KEÇÝBORLU', N'32', N'ISPARTA')
INSERT [dbo].[REF_ILCELER] ([PKEY], [ILCEAD], [ILKOD], [ILAD]) VALUES (562, N'KEÇÝÖREN', N'6', N'ANKARA')
INSERT [dbo].[REF_ILCELER] ([PKEY], [ILCEAD], [ILKOD], [ILAD]) VALUES (563, N'KELES', N'16', N'BURSA')
INSERT [dbo].[REF_ILCELER] ([PKEY], [ILCEAD], [ILKOD], [ILAD]) VALUES (564, N'KELKÝT', N'29', N'GÜMÜÞHANE')
INSERT [dbo].[REF_ILCELER] ([PKEY], [ILCEAD], [ILKOD], [ILAD]) VALUES (565, N'KEMAH', N'24', N'ERZÝNCAN')
INSERT [dbo].[REF_ILCELER] ([PKEY], [ILCEAD], [ILKOD], [ILAD]) VALUES (566, N'KEMALÝYE', N'24', N'ERZÝNCAN')
INSERT [dbo].[REF_ILCELER] ([PKEY], [ILCEAD], [ILKOD], [ILAD]) VALUES (567, N'KEMALPAÞA', N'35', N'ÝZMÝR')
INSERT [dbo].[REF_ILCELER] ([PKEY], [ILCEAD], [ILKOD], [ILAD]) VALUES (568, N'KEMER / ANTALYA', N'7', N'ANTALYA')
INSERT [dbo].[REF_ILCELER] ([PKEY], [ILCEAD], [ILKOD], [ILAD]) VALUES (569, N'KEMER / BURDUR', N'15', N'BURDUR')
INSERT [dbo].[REF_ILCELER] ([PKEY], [ILCEAD], [ILKOD], [ILAD]) VALUES (570, N'KEPEZ', N'7', N'ANTALYA')
INSERT [dbo].[REF_ILCELER] ([PKEY], [ILCEAD], [ILKOD], [ILAD]) VALUES (571, N'KEPSUT', N'10', N'BALIKESÝR')
INSERT [dbo].[REF_ILCELER] ([PKEY], [ILCEAD], [ILKOD], [ILAD]) VALUES (572, N'KESKÝN', N'71', N'KIRIKKALE')
INSERT [dbo].[REF_ILCELER] ([PKEY], [ILCEAD], [ILKOD], [ILAD]) VALUES (573, N'KESTEL', N'16', N'BURSA')
INSERT [dbo].[REF_ILCELER] ([PKEY], [ILCEAD], [ILKOD], [ILAD]) VALUES (574, N'KEÞAN', N'22', N'EDÝRNE')
INSERT [dbo].[REF_ILCELER] ([PKEY], [ILCEAD], [ILKOD], [ILAD]) VALUES (575, N'KEÞAP', N'28', N'GÝRESUN')
INSERT [dbo].[REF_ILCELER] ([PKEY], [ILCEAD], [ILKOD], [ILAD]) VALUES (576, N'KIBRISCIK', N'14', N'BOLU')
INSERT [dbo].[REF_ILCELER] ([PKEY], [ILCEAD], [ILKOD], [ILAD]) VALUES (577, N'KINIK', N'35', N'ÝZMÝR')
INSERT [dbo].[REF_ILCELER] ([PKEY], [ILCEAD], [ILKOD], [ILAD]) VALUES (578, N'KIRIKHAN', N'31', N'HATAY')
INSERT [dbo].[REF_ILCELER] ([PKEY], [ILCEAD], [ILKOD], [ILAD]) VALUES (579, N'MERKEZ', N'71', N'KIRIKKALE')
INSERT [dbo].[REF_ILCELER] ([PKEY], [ILCEAD], [ILKOD], [ILAD]) VALUES (580, N'KIRKAÐAÇ', N'45', N'MANÝSA')
INSERT [dbo].[REF_ILCELER] ([PKEY], [ILCEAD], [ILKOD], [ILAD]) VALUES (581, N'MERKEZ', N'39', N'KIRKLARELÝ')
INSERT [dbo].[REF_ILCELER] ([PKEY], [ILCEAD], [ILKOD], [ILAD]) VALUES (582, N'KIRÞEHÝR MERKEZ', N'40', N'KIRÞEHÝR')
INSERT [dbo].[REF_ILCELER] ([PKEY], [ILCEAD], [ILKOD], [ILAD]) VALUES (583, N'KIZILCAHAMAM', N'6', N'ANKARA')
INSERT [dbo].[REF_ILCELER] ([PKEY], [ILCEAD], [ILKOD], [ILAD]) VALUES (584, N'KIZILIRMAK', N'18', N'ÇANKIRI')
INSERT [dbo].[REF_ILCELER] ([PKEY], [ILCEAD], [ILKOD], [ILAD]) VALUES (585, N'KIZILÖREN', N'3', N'AFYON')
INSERT [dbo].[REF_ILCELER] ([PKEY], [ILCEAD], [ILKOD], [ILAD]) VALUES (586, N'KIZILTEPE', N'47', N'MARDÝN')
INSERT [dbo].[REF_ILCELER] ([PKEY], [ILCEAD], [ILKOD], [ILAD]) VALUES (587, N'KÝÐI', N'12', N'BÝNGÖL')
INSERT [dbo].[REF_ILCELER] ([PKEY], [ILCEAD], [ILKOD], [ILAD]) VALUES (588, N'KÝLÝS MERKEZ', N'79', N'KÝLÝS')
INSERT [dbo].[REF_ILCELER] ([PKEY], [ILCEAD], [ILKOD], [ILAD]) VALUES (589, N'KÝRAZ', N'35', N'ÝZMÝR')
INSERT [dbo].[REF_ILCELER] ([PKEY], [ILCEAD], [ILKOD], [ILAD]) VALUES (590, N'KOCAALÝ', N'54', N'SAKARYA')
INSERT [dbo].[REF_ILCELER] ([PKEY], [ILCEAD], [ILKOD], [ILAD]) VALUES (591, N'KOCAELÝ MERKEZ', N'41', N'KOCAELÝ')
INSERT [dbo].[REF_ILCELER] ([PKEY], [ILCEAD], [ILKOD], [ILAD]) VALUES (592, N'KOCAKÖY', N'21', N'DÝYARBAKIR')
INSERT [dbo].[REF_ILCELER] ([PKEY], [ILCEAD], [ILKOD], [ILAD]) VALUES (593, N'KOCASÝNAN', N'38', N'KAYSERÝ')
INSERT [dbo].[REF_ILCELER] ([PKEY], [ILCEAD], [ILKOD], [ILAD]) VALUES (594, N'KOÇARLI', N'9', N'AYDIN')
INSERT [dbo].[REF_ILCELER] ([PKEY], [ILCEAD], [ILKOD], [ILAD]) VALUES (595, N'KOFÇAZ', N'39', N'KIRKLARELÝ')
INSERT [dbo].[REF_ILCELER] ([PKEY], [ILCEAD], [ILKOD], [ILAD]) VALUES (596, N'KONAK', N'35', N'ÝZMÝR')
INSERT [dbo].[REF_ILCELER] ([PKEY], [ILCEAD], [ILKOD], [ILAD]) VALUES (597, N'KONYAALTI', N'7', N'ANTALYA')
INSERT [dbo].[REF_ILCELER] ([PKEY], [ILCEAD], [ILKOD], [ILAD]) VALUES (598, N'KORGAN', N'52', N'ORDU')
INSERT [dbo].[REF_ILCELER] ([PKEY], [ILCEAD], [ILKOD], [ILAD]) VALUES (599, N'KORGUN', N'18', N'ÇANKIRI')
INSERT [dbo].[REF_ILCELER] ([PKEY], [ILCEAD], [ILKOD], [ILAD]) VALUES (600, N'KORKUT', N'49', N'MUÞ')
INSERT [dbo].[REF_ILCELER] ([PKEY], [ILCEAD], [ILKOD], [ILAD]) VALUES (601, N'KORKUTELÝ', N'7', N'ANTALYA')
INSERT [dbo].[REF_ILCELER] ([PKEY], [ILCEAD], [ILKOD], [ILAD]) VALUES (602, N'KOVANCILAR', N'23', N'ELAZIÐ')
INSERT [dbo].[REF_ILCELER] ([PKEY], [ILCEAD], [ILKOD], [ILAD]) VALUES (603, N'KOYULHÝSAR', N'58', N'SÝVAS')
INSERT [dbo].[REF_ILCELER] ([PKEY], [ILCEAD], [ILKOD], [ILAD]) VALUES (604, N'KOZAKLI', N'50', N'NEVÞEHÝR')
INSERT [dbo].[REF_ILCELER] ([PKEY], [ILCEAD], [ILKOD], [ILAD]) VALUES (605, N'KOZAN', N'1', N'ADANA')
GO
print 'Processed 600 total records'
INSERT [dbo].[REF_ILCELER] ([PKEY], [ILCEAD], [ILKOD], [ILAD]) VALUES (606, N'KOZLUK', N'72', N'BATMAN')
INSERT [dbo].[REF_ILCELER] ([PKEY], [ILCEAD], [ILKOD], [ILAD]) VALUES (607, N'KÖPRÜBAÞI', N'45', N'MANÝSA')
INSERT [dbo].[REF_ILCELER] ([PKEY], [ILCEAD], [ILKOD], [ILAD]) VALUES (608, N'KÖPRÜBAÞI', N'61', N'TRABZON')
INSERT [dbo].[REF_ILCELER] ([PKEY], [ILCEAD], [ILKOD], [ILAD]) VALUES (609, N'KÖPRÜKÖY', N'25', N'ERZURUM')
INSERT [dbo].[REF_ILCELER] ([PKEY], [ILCEAD], [ILKOD], [ILAD]) VALUES (610, N'KÖRFEZ', N'41', N'KOCAELÝ')
INSERT [dbo].[REF_ILCELER] ([PKEY], [ILCEAD], [ILKOD], [ILAD]) VALUES (611, N'KÖSE', N'29', N'GÜMÜÞHANE')
INSERT [dbo].[REF_ILCELER] ([PKEY], [ILCEAD], [ILKOD], [ILAD]) VALUES (612, N'KÖÞK', N'9', N'AYDIN')
INSERT [dbo].[REF_ILCELER] ([PKEY], [ILCEAD], [ILKOD], [ILAD]) VALUES (613, N'KÖYCEÐÝZ', N'48', N'MUÐLA')
INSERT [dbo].[REF_ILCELER] ([PKEY], [ILCEAD], [ILKOD], [ILAD]) VALUES (614, N'KULA', N'45', N'MANÝSA')
INSERT [dbo].[REF_ILCELER] ([PKEY], [ILCEAD], [ILKOD], [ILAD]) VALUES (615, N'KULP', N'21', N'DÝYARBAKIR')
INSERT [dbo].[REF_ILCELER] ([PKEY], [ILCEAD], [ILKOD], [ILAD]) VALUES (616, N'KULU', N'42', N'KONYA')
INSERT [dbo].[REF_ILCELER] ([PKEY], [ILCEAD], [ILKOD], [ILAD]) VALUES (617, N'KULUNCAK', N'44', N'MALATYA')
INSERT [dbo].[REF_ILCELER] ([PKEY], [ILCEAD], [ILKOD], [ILAD]) VALUES (618, N'KUMLU', N'31', N'HATAY')
INSERT [dbo].[REF_ILCELER] ([PKEY], [ILCEAD], [ILKOD], [ILAD]) VALUES (619, N'KUMLUCA', N'7', N'ANTALYA')
INSERT [dbo].[REF_ILCELER] ([PKEY], [ILCEAD], [ILKOD], [ILAD]) VALUES (620, N'KUMRU', N'52', N'ORDU')
INSERT [dbo].[REF_ILCELER] ([PKEY], [ILCEAD], [ILKOD], [ILAD]) VALUES (621, N'KURÞUNLU', N'18', N'ÇANKIRI')
INSERT [dbo].[REF_ILCELER] ([PKEY], [ILCEAD], [ILKOD], [ILAD]) VALUES (622, N'KURTALAN', N'56', N'SÝÝRT')
INSERT [dbo].[REF_ILCELER] ([PKEY], [ILCEAD], [ILKOD], [ILAD]) VALUES (623, N'KURUCAÞÝLE', N'74', N'BARTIN')
INSERT [dbo].[REF_ILCELER] ([PKEY], [ILCEAD], [ILKOD], [ILAD]) VALUES (624, N'KUÞADASI', N'9', N'AYDIN')
INSERT [dbo].[REF_ILCELER] ([PKEY], [ILCEAD], [ILKOD], [ILAD]) VALUES (625, N'KUYUCAK', N'9', N'AYDIN')
INSERT [dbo].[REF_ILCELER] ([PKEY], [ILCEAD], [ILKOD], [ILAD]) VALUES (626, N'KÜÇÜKÇEKMECE', N'34', N'ÝSTANBUL')
INSERT [dbo].[REF_ILCELER] ([PKEY], [ILCEAD], [ILKOD], [ILAD]) VALUES (627, N'KÜRE', N'37', N'KASTAMONU')
INSERT [dbo].[REF_ILCELER] ([PKEY], [ILCEAD], [ILKOD], [ILAD]) VALUES (628, N'KÜRTÜN', N'29', N'GÜMÜÞHANE')
INSERT [dbo].[REF_ILCELER] ([PKEY], [ILCEAD], [ILKOD], [ILAD]) VALUES (629, N'KÜTAHYA MERKEZ', N'43', N'KÜTAHYA')
INSERT [dbo].[REF_ILCELER] ([PKEY], [ILCEAD], [ILKOD], [ILAD]) VALUES (630, N'LAÇÝN', N'19', N'ÇORUM')
INSERT [dbo].[REF_ILCELER] ([PKEY], [ILCEAD], [ILKOD], [ILAD]) VALUES (631, N'LADÝK', N'55', N'SAMSUN')
INSERT [dbo].[REF_ILCELER] ([PKEY], [ILCEAD], [ILKOD], [ILAD]) VALUES (632, N'LALAPAÞA', N'22', N'EDÝRNE')
INSERT [dbo].[REF_ILCELER] ([PKEY], [ILCEAD], [ILKOD], [ILAD]) VALUES (633, N'LAPSEKÝ', N'17', N'ÇANAKKALE')
INSERT [dbo].[REF_ILCELER] ([PKEY], [ILCEAD], [ILKOD], [ILAD]) VALUES (634, N'LÝCE', N'21', N'DÝYARBAKIR')
INSERT [dbo].[REF_ILCELER] ([PKEY], [ILCEAD], [ILKOD], [ILAD]) VALUES (635, N'LÜLEBURGAZ', N'39', N'KIRKLARELÝ')
INSERT [dbo].[REF_ILCELER] ([PKEY], [ILCEAD], [ILKOD], [ILAD]) VALUES (636, N'MAÇKA', N'61', N'TRABZON')
INSERT [dbo].[REF_ILCELER] ([PKEY], [ILCEAD], [ILKOD], [ILAD]) VALUES (637, N'MADEN', N'23', N'ELAZIÐ')
INSERT [dbo].[REF_ILCELER] ([PKEY], [ILCEAD], [ILKOD], [ILAD]) VALUES (638, N'MAHMUDÝYE', N'26', N'ESKÝÞEHÝR')
INSERT [dbo].[REF_ILCELER] ([PKEY], [ILCEAD], [ILKOD], [ILAD]) VALUES (639, N'MALATYA MERKEZ', N'44', N'MALATYA')
INSERT [dbo].[REF_ILCELER] ([PKEY], [ILCEAD], [ILKOD], [ILAD]) VALUES (640, N'MALAZGÝRT', N'49', N'MUÞ')
INSERT [dbo].[REF_ILCELER] ([PKEY], [ILCEAD], [ILKOD], [ILAD]) VALUES (641, N'MALKARA', N'59', N'TEKÝRDAÐ')
INSERT [dbo].[REF_ILCELER] ([PKEY], [ILCEAD], [ILKOD], [ILAD]) VALUES (642, N'MALTEPE', N'34', N'ÝSTANBUL')
INSERT [dbo].[REF_ILCELER] ([PKEY], [ILCEAD], [ILKOD], [ILAD]) VALUES (643, N'MAMAK', N'6', N'ANKARA')
INSERT [dbo].[REF_ILCELER] ([PKEY], [ILCEAD], [ILKOD], [ILAD]) VALUES (644, N'MANAVGAT', N'7', N'ANTALYA')
INSERT [dbo].[REF_ILCELER] ([PKEY], [ILCEAD], [ILKOD], [ILAD]) VALUES (645, N'MANÝSA MERKEZ', N'45', N'MANÝSA')
INSERT [dbo].[REF_ILCELER] ([PKEY], [ILCEAD], [ILKOD], [ILAD]) VALUES (646, N'MANYAS', N'10', N'BALIKESÝR')
INSERT [dbo].[REF_ILCELER] ([PKEY], [ILCEAD], [ILKOD], [ILAD]) VALUES (647, N'MARDÝN MERKEZ', N'47', N'MARDÝN')
INSERT [dbo].[REF_ILCELER] ([PKEY], [ILCEAD], [ILKOD], [ILAD]) VALUES (648, N'MARMARA', N'10', N'BALIKESÝR')
INSERT [dbo].[REF_ILCELER] ([PKEY], [ILCEAD], [ILKOD], [ILAD]) VALUES (649, N'MARMARAEREÐLÝSÝ', N'59', N'TEKÝRDAÐ')
INSERT [dbo].[REF_ILCELER] ([PKEY], [ILCEAD], [ILKOD], [ILAD]) VALUES (650, N'MARMARÝS', N'48', N'MUÐLA')
INSERT [dbo].[REF_ILCELER] ([PKEY], [ILCEAD], [ILKOD], [ILAD]) VALUES (651, N'MAZGÝRT', N'62', N'TUNCELÝ')
INSERT [dbo].[REF_ILCELER] ([PKEY], [ILCEAD], [ILKOD], [ILAD]) VALUES (652, N'MAZIDAÐI', N'47', N'MARDÝN')
INSERT [dbo].[REF_ILCELER] ([PKEY], [ILCEAD], [ILKOD], [ILAD]) VALUES (653, N'MECÝTÖZÜ', N'19', N'ÇORUM')
INSERT [dbo].[REF_ILCELER] ([PKEY], [ILCEAD], [ILKOD], [ILAD]) VALUES (654, N'MELÝKGAZÝ', N'38', N'KAYSERÝ')
INSERT [dbo].[REF_ILCELER] ([PKEY], [ILCEAD], [ILKOD], [ILAD]) VALUES (655, N'MENDERES', N'35', N'ÝZMÝR')
INSERT [dbo].[REF_ILCELER] ([PKEY], [ILCEAD], [ILKOD], [ILAD]) VALUES (656, N'MENEMEN', N'35', N'ÝZMÝR')
INSERT [dbo].[REF_ILCELER] ([PKEY], [ILCEAD], [ILKOD], [ILAD]) VALUES (657, N'MENGEN', N'14', N'BOLU')
INSERT [dbo].[REF_ILCELER] ([PKEY], [ILCEAD], [ILKOD], [ILAD]) VALUES (658, N'MERAM', N'42', N'KONYA')
INSERT [dbo].[REF_ILCELER] ([PKEY], [ILCEAD], [ILKOD], [ILAD]) VALUES (659, N'MERÝÇ', N'22', N'EDÝRNE')
INSERT [dbo].[REF_ILCELER] ([PKEY], [ILCEAD], [ILKOD], [ILAD]) VALUES (660, N'MERSÝN MERKEZ', N'33', N'MERSÝN')
INSERT [dbo].[REF_ILCELER] ([PKEY], [ILCEAD], [ILKOD], [ILAD]) VALUES (661, N'MERZÝFON', N'5', N'AMASYA')
INSERT [dbo].[REF_ILCELER] ([PKEY], [ILCEAD], [ILKOD], [ILAD]) VALUES (662, N'MESUDÝYE', N'52', N'ORDU')
INSERT [dbo].[REF_ILCELER] ([PKEY], [ILCEAD], [ILKOD], [ILAD]) VALUES (663, N'MEZÝTLÝ', N'33', N'MERSÝN')
INSERT [dbo].[REF_ILCELER] ([PKEY], [ILCEAD], [ILKOD], [ILAD]) VALUES (664, N'MÝDYAT', N'47', N'MARDÝN')
INSERT [dbo].[REF_ILCELER] ([PKEY], [ILCEAD], [ILKOD], [ILAD]) VALUES (665, N'MÝHALGAZÝ', N'26', N'ESKÝÞEHÝR')
INSERT [dbo].[REF_ILCELER] ([PKEY], [ILCEAD], [ILKOD], [ILAD]) VALUES (666, N'MÝHALIÇÇIK', N'26', N'ESKÝÞEHÝR')
INSERT [dbo].[REF_ILCELER] ([PKEY], [ILCEAD], [ILKOD], [ILAD]) VALUES (667, N'MÝLAS', N'48', N'MUÐLA')
INSERT [dbo].[REF_ILCELER] ([PKEY], [ILCEAD], [ILKOD], [ILAD]) VALUES (668, N'MUCUR', N'40', N'KIRÞEHÝR')
INSERT [dbo].[REF_ILCELER] ([PKEY], [ILCEAD], [ILKOD], [ILAD]) VALUES (669, N'MUDANYA', N'16', N'BURSA')
INSERT [dbo].[REF_ILCELER] ([PKEY], [ILCEAD], [ILKOD], [ILAD]) VALUES (670, N'MUDURNU', N'14', N'BOLU')
INSERT [dbo].[REF_ILCELER] ([PKEY], [ILCEAD], [ILKOD], [ILAD]) VALUES (671, N'MUÐLA MERKEZ', N'48', N'MUÐLA')
INSERT [dbo].[REF_ILCELER] ([PKEY], [ILCEAD], [ILKOD], [ILAD]) VALUES (672, N'MURADÝYE', N'65', N'VAN')
INSERT [dbo].[REF_ILCELER] ([PKEY], [ILCEAD], [ILKOD], [ILAD]) VALUES (673, N'MURATLI', N'59', N'TEKÝRDAÐ')
INSERT [dbo].[REF_ILCELER] ([PKEY], [ILCEAD], [ILKOD], [ILAD]) VALUES (674, N'MURATPAÞA', N'7', N'ANTALYA')
INSERT [dbo].[REF_ILCELER] ([PKEY], [ILCEAD], [ILKOD], [ILAD]) VALUES (675, N'MURGUL', N'8', N'ARTVÝN')
INSERT [dbo].[REF_ILCELER] ([PKEY], [ILCEAD], [ILKOD], [ILAD]) VALUES (676, N'MUSABEYLÝ', N'79', N'KÝLÝS')
INSERT [dbo].[REF_ILCELER] ([PKEY], [ILCEAD], [ILKOD], [ILAD]) VALUES (677, N'MUSTAFA K.PAÞA', N'16', N'BURSA')
INSERT [dbo].[REF_ILCELER] ([PKEY], [ILCEAD], [ILKOD], [ILAD]) VALUES (678, N'MUÞ MERKEZ', N'49', N'MUÞ')
INSERT [dbo].[REF_ILCELER] ([PKEY], [ILCEAD], [ILKOD], [ILAD]) VALUES (679, N'MUT', N'33', N'MERSÝN')
INSERT [dbo].[REF_ILCELER] ([PKEY], [ILCEAD], [ILKOD], [ILAD]) VALUES (680, N'MUTKÝ', N'13', N'BÝTLÝS')
INSERT [dbo].[REF_ILCELER] ([PKEY], [ILCEAD], [ILKOD], [ILAD]) VALUES (682, N'NALLIHAN', N'6', N'ANKARA')
INSERT [dbo].[REF_ILCELER] ([PKEY], [ILCEAD], [ILKOD], [ILAD]) VALUES (683, N'NARLIDERE', N'35', N'ÝZMÝR')
INSERT [dbo].[REF_ILCELER] ([PKEY], [ILCEAD], [ILKOD], [ILAD]) VALUES (684, N'NARMAN', N'25', N'ERZURUM')
INSERT [dbo].[REF_ILCELER] ([PKEY], [ILCEAD], [ILKOD], [ILAD]) VALUES (685, N'NAZIMÝYE', N'62', N'TUNCELÝ')
INSERT [dbo].[REF_ILCELER] ([PKEY], [ILCEAD], [ILKOD], [ILAD]) VALUES (686, N'NAZÝLLÝ', N'9', N'AYDIN')
INSERT [dbo].[REF_ILCELER] ([PKEY], [ILCEAD], [ILKOD], [ILAD]) VALUES (687, N'NEVÞEHÝR MERKEZ', N'50', N'NEVÞEHÝR')
INSERT [dbo].[REF_ILCELER] ([PKEY], [ILCEAD], [ILKOD], [ILAD]) VALUES (688, N'NÝÐDE MERKEZ', N'51', N'NÝÐDE')
INSERT [dbo].[REF_ILCELER] ([PKEY], [ILCEAD], [ILKOD], [ILAD]) VALUES (689, N'NÝKSAR', N'60', N'TOKAT')
INSERT [dbo].[REF_ILCELER] ([PKEY], [ILCEAD], [ILKOD], [ILAD]) VALUES (690, N'NÝLÜFER', N'16', N'BURSA')
INSERT [dbo].[REF_ILCELER] ([PKEY], [ILCEAD], [ILKOD], [ILAD]) VALUES (691, N'NÝZÝP', N'27', N'GAZÝANTEP')
INSERT [dbo].[REF_ILCELER] ([PKEY], [ILCEAD], [ILKOD], [ILAD]) VALUES (692, N'NURDAÐI', N'27', N'GAZÝANTEP')
INSERT [dbo].[REF_ILCELER] ([PKEY], [ILCEAD], [ILKOD], [ILAD]) VALUES (693, N'NURHAK', N'46', N'KAHRAMANMARAÞ')
INSERT [dbo].[REF_ILCELER] ([PKEY], [ILCEAD], [ILKOD], [ILAD]) VALUES (694, N'NUSAYBÝN', N'47', N'MARDÝN')
INSERT [dbo].[REF_ILCELER] ([PKEY], [ILCEAD], [ILKOD], [ILAD]) VALUES (695, N'ODUNPAZARI', N'26', N'ESKÝÞEHÝR')
INSERT [dbo].[REF_ILCELER] ([PKEY], [ILCEAD], [ILKOD], [ILAD]) VALUES (696, N'OF', N'61', N'TRABZON')
INSERT [dbo].[REF_ILCELER] ([PKEY], [ILCEAD], [ILKOD], [ILAD]) VALUES (697, N'OÐUZELÝ', N'27', N'GAZÝANTEP')
INSERT [dbo].[REF_ILCELER] ([PKEY], [ILCEAD], [ILKOD], [ILAD]) VALUES (698, N'OÐUZLAR', N'19', N'ÇORUM')
INSERT [dbo].[REF_ILCELER] ([PKEY], [ILCEAD], [ILKOD], [ILAD]) VALUES (699, N'OLTU', N'25', N'ERZURUM')
INSERT [dbo].[REF_ILCELER] ([PKEY], [ILCEAD], [ILKOD], [ILAD]) VALUES (700, N'OLUR', N'25', N'ERZURUM')
INSERT [dbo].[REF_ILCELER] ([PKEY], [ILCEAD], [ILKOD], [ILAD]) VALUES (701, N'ONDOKUZMAYIS', N'55', N'SAMSUN')
INSERT [dbo].[REF_ILCELER] ([PKEY], [ILCEAD], [ILKOD], [ILAD]) VALUES (702, N'ORDU MERKEZ', N'52', N'ORDU')
INSERT [dbo].[REF_ILCELER] ([PKEY], [ILCEAD], [ILKOD], [ILAD]) VALUES (703, N'ORHANELÝ', N'16', N'BURSA')
INSERT [dbo].[REF_ILCELER] ([PKEY], [ILCEAD], [ILKOD], [ILAD]) VALUES (704, N'ORHANGAZÝ', N'16', N'BURSA')
INSERT [dbo].[REF_ILCELER] ([PKEY], [ILCEAD], [ILKOD], [ILAD]) VALUES (705, N'ORTA', N'18', N'ÇANKIRI')
INSERT [dbo].[REF_ILCELER] ([PKEY], [ILCEAD], [ILKOD], [ILAD]) VALUES (706, N'ORTACA', N'48', N'MUÐLA')
INSERT [dbo].[REF_ILCELER] ([PKEY], [ILCEAD], [ILKOD], [ILAD]) VALUES (707, N'ORTAKÖY', N'68', N'AKSARAY')
GO
print 'Processed 700 total records'
INSERT [dbo].[REF_ILCELER] ([PKEY], [ILCEAD], [ILKOD], [ILAD]) VALUES (708, N'ORTAKÖY / ÇORUM', N'19', N'ÇORUM')
INSERT [dbo].[REF_ILCELER] ([PKEY], [ILCEAD], [ILKOD], [ILAD]) VALUES (709, N'OSMANCIK', N'19', N'ÇORUM')
INSERT [dbo].[REF_ILCELER] ([PKEY], [ILCEAD], [ILKOD], [ILAD]) VALUES (710, N'OSMANELÝ', N'11', N'BÝLECÝK')
INSERT [dbo].[REF_ILCELER] ([PKEY], [ILCEAD], [ILKOD], [ILAD]) VALUES (711, N'OSMANGAZÝ', N'16', N'BURSA')
INSERT [dbo].[REF_ILCELER] ([PKEY], [ILCEAD], [ILKOD], [ILAD]) VALUES (712, N'OSMANÝYE MERKEZ', N'80', N'OSMANÝYE')
INSERT [dbo].[REF_ILCELER] ([PKEY], [ILCEAD], [ILKOD], [ILAD]) VALUES (713, N'OTLUKBELÝ', N'24', N'ERZÝNCAN')
INSERT [dbo].[REF_ILCELER] ([PKEY], [ILCEAD], [ILKOD], [ILAD]) VALUES (714, N'OVACIK', N'78', N'KARABÜK')
INSERT [dbo].[REF_ILCELER] ([PKEY], [ILCEAD], [ILKOD], [ILAD]) VALUES (715, N'OVACIK', N'62', N'TUNCELÝ')
INSERT [dbo].[REF_ILCELER] ([PKEY], [ILCEAD], [ILKOD], [ILAD]) VALUES (716, N'ÖDEMÝÞ', N'35', N'ÝZMÝR')
INSERT [dbo].[REF_ILCELER] ([PKEY], [ILCEAD], [ILKOD], [ILAD]) VALUES (717, N'ÖMERLÝ', N'47', N'MARDÝN')
INSERT [dbo].[REF_ILCELER] ([PKEY], [ILCEAD], [ILKOD], [ILAD]) VALUES (718, N'ÖZALP', N'65', N'VAN')
INSERT [dbo].[REF_ILCELER] ([PKEY], [ILCEAD], [ILKOD], [ILAD]) VALUES (719, N'ÖZVATAN', N'38', N'KAYSERÝ')
INSERT [dbo].[REF_ILCELER] ([PKEY], [ILCEAD], [ILKOD], [ILAD]) VALUES (720, N'PALANDÖKEN', N'25', N'ERZURUM')
INSERT [dbo].[REF_ILCELER] ([PKEY], [ILCEAD], [ILKOD], [ILAD]) VALUES (721, N'PALU', N'23', N'ELAZIÐ')
INSERT [dbo].[REF_ILCELER] ([PKEY], [ILCEAD], [ILKOD], [ILAD]) VALUES (722, N'PAMUKOVA', N'54', N'SAKARYA')
INSERT [dbo].[REF_ILCELER] ([PKEY], [ILCEAD], [ILKOD], [ILAD]) VALUES (723, N'PASÝNLER', N'25', N'ERZURUM')
INSERT [dbo].[REF_ILCELER] ([PKEY], [ILCEAD], [ILKOD], [ILAD]) VALUES (724, N'PATNOS', N'4', N'AÐRI')
INSERT [dbo].[REF_ILCELER] ([PKEY], [ILCEAD], [ILKOD], [ILAD]) VALUES (725, N'PAZAR / RÝZE', N'53', N'RÝZE')
INSERT [dbo].[REF_ILCELER] ([PKEY], [ILCEAD], [ILKOD], [ILAD]) VALUES (726, N'PAZAR / TOKAT', N'60', N'TOKAT')
INSERT [dbo].[REF_ILCELER] ([PKEY], [ILCEAD], [ILKOD], [ILAD]) VALUES (727, N'PAZARCIK', N'46', N'KAHRAMANMARAÞ')
INSERT [dbo].[REF_ILCELER] ([PKEY], [ILCEAD], [ILKOD], [ILAD]) VALUES (728, N'PAZARLAR', N'43', N'KÜTAHYA')
INSERT [dbo].[REF_ILCELER] ([PKEY], [ILCEAD], [ILKOD], [ILAD]) VALUES (729, N'PAZARYERÝ', N'11', N'BÝLECÝK')
INSERT [dbo].[REF_ILCELER] ([PKEY], [ILCEAD], [ILKOD], [ILAD]) VALUES (730, N'PAZARYOLU', N'25', N'ERZURUM')
INSERT [dbo].[REF_ILCELER] ([PKEY], [ILCEAD], [ILKOD], [ILAD]) VALUES (731, N'PEHLÝVANKÖY', N'39', N'KIRKLARELÝ')
INSERT [dbo].[REF_ILCELER] ([PKEY], [ILCEAD], [ILKOD], [ILAD]) VALUES (732, N'PENDÝK', N'34', N'ÝSTANBUL')
INSERT [dbo].[REF_ILCELER] ([PKEY], [ILCEAD], [ILKOD], [ILAD]) VALUES (733, N'PERÞEMBE', N'52', N'ORDU')
INSERT [dbo].[REF_ILCELER] ([PKEY], [ILCEAD], [ILKOD], [ILAD]) VALUES (734, N'PERTEK', N'62', N'TUNCELÝ')
INSERT [dbo].[REF_ILCELER] ([PKEY], [ILCEAD], [ILKOD], [ILAD]) VALUES (735, N'PERVARÝ', N'56', N'SÝÝRT')
INSERT [dbo].[REF_ILCELER] ([PKEY], [ILCEAD], [ILKOD], [ILAD]) VALUES (736, N'PINARBAÞI ', N'37', N'KASTAMONU')
INSERT [dbo].[REF_ILCELER] ([PKEY], [ILCEAD], [ILKOD], [ILAD]) VALUES (737, N'PINARBAÞI', N'38', N'KAYSERÝ')
INSERT [dbo].[REF_ILCELER] ([PKEY], [ILCEAD], [ILKOD], [ILAD]) VALUES (738, N'PINARHÝSAR', N'39', N'KIRKLARELÝ')
INSERT [dbo].[REF_ILCELER] ([PKEY], [ILCEAD], [ILKOD], [ILAD]) VALUES (739, N'PÝRAZÝZ', N'28', N'GÝRESUN')
INSERT [dbo].[REF_ILCELER] ([PKEY], [ILCEAD], [ILKOD], [ILAD]) VALUES (740, N'POLATELÝ', N'79', N'KÝLÝS')
INSERT [dbo].[REF_ILCELER] ([PKEY], [ILCEAD], [ILKOD], [ILAD]) VALUES (741, N'POLATLI', N'6', N'ANKARA')
INSERT [dbo].[REF_ILCELER] ([PKEY], [ILCEAD], [ILKOD], [ILAD]) VALUES (742, N'POSOF', N'75', N'ARDAHAN')
INSERT [dbo].[REF_ILCELER] ([PKEY], [ILCEAD], [ILKOD], [ILAD]) VALUES (743, N'POZANTI', N'1', N'ADANA')
INSERT [dbo].[REF_ILCELER] ([PKEY], [ILCEAD], [ILKOD], [ILAD]) VALUES (744, N'PURSAKLAR', N'6', N'ANKARA')
INSERT [dbo].[REF_ILCELER] ([PKEY], [ILCEAD], [ILKOD], [ILAD]) VALUES (745, N'PÜLÜMÜR', N'62', N'TUNCELÝ')
INSERT [dbo].[REF_ILCELER] ([PKEY], [ILCEAD], [ILKOD], [ILAD]) VALUES (746, N'PÜTÜRGE', N'44', N'MALATYA')
INSERT [dbo].[REF_ILCELER] ([PKEY], [ILCEAD], [ILKOD], [ILAD]) VALUES (747, N'REFAHÝYE', N'24', N'ERZÝNCAN')
INSERT [dbo].[REF_ILCELER] ([PKEY], [ILCEAD], [ILKOD], [ILAD]) VALUES (748, N'REÞADÝYE', N'60', N'TOKAT')
INSERT [dbo].[REF_ILCELER] ([PKEY], [ILCEAD], [ILKOD], [ILAD]) VALUES (749, N'REYHANLI', N'31', N'HATAY')
INSERT [dbo].[REF_ILCELER] ([PKEY], [ILCEAD], [ILKOD], [ILAD]) VALUES (750, N'RÝZE MERKEZ', N'53', N'RÝZE')
INSERT [dbo].[REF_ILCELER] ([PKEY], [ILCEAD], [ILKOD], [ILAD]) VALUES (751, N'SAFRANBOLU', N'78', N'KARABÜK')
INSERT [dbo].[REF_ILCELER] ([PKEY], [ILCEAD], [ILKOD], [ILAD]) VALUES (752, N'SAÝMBEYLÝ', N'1', N'ADANA')
INSERT [dbo].[REF_ILCELER] ([PKEY], [ILCEAD], [ILKOD], [ILAD]) VALUES (753, N'SAKARYA MERKEZ', N'54', N'SAKARYA')
INSERT [dbo].[REF_ILCELER] ([PKEY], [ILCEAD], [ILKOD], [ILAD]) VALUES (754, N'SALIPAZARI', N'55', N'SAMSUN')
INSERT [dbo].[REF_ILCELER] ([PKEY], [ILCEAD], [ILKOD], [ILAD]) VALUES (755, N'SALÝHLÝ', N'45', N'MANÝSA')
INSERT [dbo].[REF_ILCELER] ([PKEY], [ILCEAD], [ILKOD], [ILAD]) VALUES (756, N'SAMANDAÐ', N'31', N'HATAY')
INSERT [dbo].[REF_ILCELER] ([PKEY], [ILCEAD], [ILKOD], [ILAD]) VALUES (757, N'SAMSAT', N'2', N'ADIYAMAN')
INSERT [dbo].[REF_ILCELER] ([PKEY], [ILCEAD], [ILKOD], [ILAD]) VALUES (758, N'SAMSUN MERKEZ', N'55', N'SAMSUN')
INSERT [dbo].[REF_ILCELER] ([PKEY], [ILCEAD], [ILKOD], [ILAD]) VALUES (759, N'SANCAKTEPE', N'34', N'ÝSTANBUL')
INSERT [dbo].[REF_ILCELER] ([PKEY], [ILCEAD], [ILKOD], [ILAD]) VALUES (760, N'SANDIKLI', N'3', N'AFYON')
INSERT [dbo].[REF_ILCELER] ([PKEY], [ILCEAD], [ILKOD], [ILAD]) VALUES (761, N'SAPANCA', N'54', N'SAKARYA')
INSERT [dbo].[REF_ILCELER] ([PKEY], [ILCEAD], [ILKOD], [ILAD]) VALUES (762, N'SARAY', N'59', N'TEKÝRDAÐ')
INSERT [dbo].[REF_ILCELER] ([PKEY], [ILCEAD], [ILKOD], [ILAD]) VALUES (763, N'SARAY / VAN', N'65', N'VAN')
INSERT [dbo].[REF_ILCELER] ([PKEY], [ILCEAD], [ILKOD], [ILAD]) VALUES (764, N'SARAYDÜZÜ', N'57', N'SÝNOP')
INSERT [dbo].[REF_ILCELER] ([PKEY], [ILCEAD], [ILKOD], [ILAD]) VALUES (765, N'SARAYKENT', N'66', N'YOZGAT')
INSERT [dbo].[REF_ILCELER] ([PKEY], [ILCEAD], [ILKOD], [ILAD]) VALUES (766, N'SARAYKÖY', N'20', N'DENÝZLÝ')
INSERT [dbo].[REF_ILCELER] ([PKEY], [ILCEAD], [ILKOD], [ILAD]) VALUES (767, N'SARAYÖNÜ', N'42', N'KONYA')
INSERT [dbo].[REF_ILCELER] ([PKEY], [ILCEAD], [ILKOD], [ILAD]) VALUES (768, N'SARICAKAYA', N'26', N'ESKÝÞEHÝR')
INSERT [dbo].[REF_ILCELER] ([PKEY], [ILCEAD], [ILKOD], [ILAD]) VALUES (769, N'SARIÇAM', N'1', N'ADANA')
INSERT [dbo].[REF_ILCELER] ([PKEY], [ILCEAD], [ILKOD], [ILAD]) VALUES (770, N'SARIGÖL', N'45', N'MANÝSA')
INSERT [dbo].[REF_ILCELER] ([PKEY], [ILCEAD], [ILKOD], [ILAD]) VALUES (771, N'SARIKAMIÞ', N'36', N'KARS')
INSERT [dbo].[REF_ILCELER] ([PKEY], [ILCEAD], [ILKOD], [ILAD]) VALUES (772, N'SARIKAYA', N'66', N'YOZGAT')
INSERT [dbo].[REF_ILCELER] ([PKEY], [ILCEAD], [ILKOD], [ILAD]) VALUES (773, N'SARIOÐLAN', N'38', N'KAYSERÝ')
INSERT [dbo].[REF_ILCELER] ([PKEY], [ILCEAD], [ILKOD], [ILAD]) VALUES (774, N'SARIVELÝLER', N'70', N'KARAMAN')
INSERT [dbo].[REF_ILCELER] ([PKEY], [ILCEAD], [ILKOD], [ILAD]) VALUES (775, N'SARIYAHÞÝ', N'68', N'AKSARAY')
INSERT [dbo].[REF_ILCELER] ([PKEY], [ILCEAD], [ILKOD], [ILAD]) VALUES (776, N'SARIYER', N'34', N'ÝSTANBUL')
INSERT [dbo].[REF_ILCELER] ([PKEY], [ILCEAD], [ILKOD], [ILAD]) VALUES (777, N'SARIZ', N'38', N'KAYSERÝ')
INSERT [dbo].[REF_ILCELER] ([PKEY], [ILCEAD], [ILKOD], [ILAD]) VALUES (778, N'SARUHANLI', N'45', N'MANÝSA')
INSERT [dbo].[REF_ILCELER] ([PKEY], [ILCEAD], [ILKOD], [ILAD]) VALUES (779, N'SASON', N'72', N'BATMAN')
INSERT [dbo].[REF_ILCELER] ([PKEY], [ILCEAD], [ILKOD], [ILAD]) VALUES (780, N'SAVAÞTEPE', N'10', N'BALIKESÝR')
INSERT [dbo].[REF_ILCELER] ([PKEY], [ILCEAD], [ILKOD], [ILAD]) VALUES (781, N'SAVUR', N'47', N'MARDÝN')
INSERT [dbo].[REF_ILCELER] ([PKEY], [ILCEAD], [ILKOD], [ILAD]) VALUES (782, N'SEBEN', N'14', N'BOLU')
INSERT [dbo].[REF_ILCELER] ([PKEY], [ILCEAD], [ILKOD], [ILAD]) VALUES (783, N'SEFERÝHÝSAR', N'35', N'ÝZMÝR')
INSERT [dbo].[REF_ILCELER] ([PKEY], [ILCEAD], [ILKOD], [ILAD]) VALUES (784, N'SELÇUK', N'35', N'ÝZMÝR')
INSERT [dbo].[REF_ILCELER] ([PKEY], [ILCEAD], [ILKOD], [ILAD]) VALUES (785, N'SELÇUKLU', N'42', N'KONYA')
INSERT [dbo].[REF_ILCELER] ([PKEY], [ILCEAD], [ILKOD], [ILAD]) VALUES (786, N'SELENDÝ', N'45', N'MANÝSA')
INSERT [dbo].[REF_ILCELER] ([PKEY], [ILCEAD], [ILKOD], [ILAD]) VALUES (787, N'SELÝM', N'36', N'KARS')
INSERT [dbo].[REF_ILCELER] ([PKEY], [ILCEAD], [ILKOD], [ILAD]) VALUES (788, N'SENÝRKENT', N'32', N'ISPARTA')
INSERT [dbo].[REF_ILCELER] ([PKEY], [ILCEAD], [ILKOD], [ILAD]) VALUES (789, N'SERDÝVAN', N'54', N'SAKARYA')
INSERT [dbo].[REF_ILCELER] ([PKEY], [ILCEAD], [ILKOD], [ILAD]) VALUES (790, N'SERÝK', N'7', N'ANTALYA')
INSERT [dbo].[REF_ILCELER] ([PKEY], [ILCEAD], [ILKOD], [ILAD]) VALUES (791, N'SERÝNHÝSAR', N'20', N'DENÝZLÝ')
INSERT [dbo].[REF_ILCELER] ([PKEY], [ILCEAD], [ILKOD], [ILAD]) VALUES (792, N'SEYDÝLER', N'37', N'KASTAMONU')
INSERT [dbo].[REF_ILCELER] ([PKEY], [ILCEAD], [ILKOD], [ILAD]) VALUES (793, N'SEYDÝÞEHÝR', N'42', N'KONYA')
INSERT [dbo].[REF_ILCELER] ([PKEY], [ILCEAD], [ILKOD], [ILAD]) VALUES (794, N'SEYHAN', N'1', N'ADANA')
INSERT [dbo].[REF_ILCELER] ([PKEY], [ILCEAD], [ILKOD], [ILAD]) VALUES (795, N'SEYÝTGAZÝ', N'26', N'ESKÝÞEHÝR')
INSERT [dbo].[REF_ILCELER] ([PKEY], [ILCEAD], [ILKOD], [ILAD]) VALUES (796, N'SINDIRGI', N'10', N'BALIKESÝR')
INSERT [dbo].[REF_ILCELER] ([PKEY], [ILCEAD], [ILKOD], [ILAD]) VALUES (797, N'SÝÝRT MERKEZ', N'56', N'SÝÝRT')
INSERT [dbo].[REF_ILCELER] ([PKEY], [ILCEAD], [ILKOD], [ILAD]) VALUES (798, N'SÝLÝFKE', N'33', N'MERSÝN')
INSERT [dbo].[REF_ILCELER] ([PKEY], [ILCEAD], [ILKOD], [ILAD]) VALUES (799, N'SÝLÝVRÝ', N'34', N'ÝSTANBUL')
INSERT [dbo].[REF_ILCELER] ([PKEY], [ILCEAD], [ILKOD], [ILAD]) VALUES (800, N'SÝLOPÝ', N'73', N'ÞIRNAK')
INSERT [dbo].[REF_ILCELER] ([PKEY], [ILCEAD], [ILKOD], [ILAD]) VALUES (801, N'SÝLVAN', N'21', N'DÝYARBAKIR')
INSERT [dbo].[REF_ILCELER] ([PKEY], [ILCEAD], [ILKOD], [ILAD]) VALUES (802, N'SÝMAV', N'43', N'KÜTAHYA')
INSERT [dbo].[REF_ILCELER] ([PKEY], [ILCEAD], [ILKOD], [ILAD]) VALUES (803, N'SÝNANPAÞA', N'3', N'AFYON')
INSERT [dbo].[REF_ILCELER] ([PKEY], [ILCEAD], [ILKOD], [ILAD]) VALUES (804, N'SÝNCAN', N'6', N'ANKARA')
INSERT [dbo].[REF_ILCELER] ([PKEY], [ILCEAD], [ILKOD], [ILAD]) VALUES (805, N'SÝNCÝK', N'2', N'ADIYAMAN')
INSERT [dbo].[REF_ILCELER] ([PKEY], [ILCEAD], [ILKOD], [ILAD]) VALUES (806, N'SÝNOP MERKEZ', N'57', N'SÝNOP')
INSERT [dbo].[REF_ILCELER] ([PKEY], [ILCEAD], [ILKOD], [ILAD]) VALUES (807, N'SÝVAS MERKEZ', N'58', N'SÝVAS')
INSERT [dbo].[REF_ILCELER] ([PKEY], [ILCEAD], [ILKOD], [ILAD]) VALUES (808, N'SÝVASLI', N'64', N'UÞAK')
GO
print 'Processed 800 total records'
INSERT [dbo].[REF_ILCELER] ([PKEY], [ILCEAD], [ILKOD], [ILAD]) VALUES (809, N'SÝVEREK', N'63', N'ÞANLIURFA')
INSERT [dbo].[REF_ILCELER] ([PKEY], [ILCEAD], [ILKOD], [ILAD]) VALUES (810, N'SÝVRÝCE', N'23', N'ELAZIÐ')
INSERT [dbo].[REF_ILCELER] ([PKEY], [ILCEAD], [ILKOD], [ILAD]) VALUES (811, N'SÝVRÝHÝSAR', N'26', N'ESKÝÞEHÝR')
INSERT [dbo].[REF_ILCELER] ([PKEY], [ILCEAD], [ILKOD], [ILAD]) VALUES (812, N'SOLHAN', N'12', N'BÝNGÖL')
INSERT [dbo].[REF_ILCELER] ([PKEY], [ILCEAD], [ILKOD], [ILAD]) VALUES (813, N'SOMA', N'45', N'MANÝSA')
INSERT [dbo].[REF_ILCELER] ([PKEY], [ILCEAD], [ILKOD], [ILAD]) VALUES (814, N'SORGUN', N'66', N'YOZGAT')
INSERT [dbo].[REF_ILCELER] ([PKEY], [ILCEAD], [ILKOD], [ILAD]) VALUES (815, N'SÖÐÜT', N'11', N'BÝLECÝK')
INSERT [dbo].[REF_ILCELER] ([PKEY], [ILCEAD], [ILKOD], [ILAD]) VALUES (816, N'SÖÐÜTLÜ', N'54', N'SAKARYA')
INSERT [dbo].[REF_ILCELER] ([PKEY], [ILCEAD], [ILKOD], [ILAD]) VALUES (817, N'SÖKE', N'9', N'AYDIN')
INSERT [dbo].[REF_ILCELER] ([PKEY], [ILCEAD], [ILKOD], [ILAD]) VALUES (818, N'SULAKYURT', N'71', N'KIRIKKALE')
INSERT [dbo].[REF_ILCELER] ([PKEY], [ILCEAD], [ILKOD], [ILAD]) VALUES (819, N'SULTANBEYLÝ', N'34', N'ÝSTANBUL')
INSERT [dbo].[REF_ILCELER] ([PKEY], [ILCEAD], [ILKOD], [ILAD]) VALUES (820, N'SULTANDAÐI', N'3', N'AFYON')
INSERT [dbo].[REF_ILCELER] ([PKEY], [ILCEAD], [ILKOD], [ILAD]) VALUES (821, N'SULTANGAZÝ', N'34', N'ÝSTANBUL')
INSERT [dbo].[REF_ILCELER] ([PKEY], [ILCEAD], [ILKOD], [ILAD]) VALUES (822, N'SULTANHÝSAR', N'9', N'AYDIN')
INSERT [dbo].[REF_ILCELER] ([PKEY], [ILCEAD], [ILKOD], [ILAD]) VALUES (823, N'SULUOVA', N'5', N'AMASYA')
INSERT [dbo].[REF_ILCELER] ([PKEY], [ILCEAD], [ILKOD], [ILAD]) VALUES (824, N'SULUSARAY', N'60', N'TOKAT')
INSERT [dbo].[REF_ILCELER] ([PKEY], [ILCEAD], [ILKOD], [ILAD]) VALUES (825, N'SUMBAS', N'80', N'OSMANÝYE')
INSERT [dbo].[REF_ILCELER] ([PKEY], [ILCEAD], [ILKOD], [ILAD]) VALUES (826, N'SUNGURLU', N'19', N'ÇORUM')
INSERT [dbo].[REF_ILCELER] ([PKEY], [ILCEAD], [ILKOD], [ILAD]) VALUES (827, N'SUR', N'21', N'DÝYARBAKIR')
INSERT [dbo].[REF_ILCELER] ([PKEY], [ILCEAD], [ILKOD], [ILAD]) VALUES (828, N'SURUÇ', N'63', N'ÞANLIURFA')
INSERT [dbo].[REF_ILCELER] ([PKEY], [ILCEAD], [ILKOD], [ILAD]) VALUES (829, N'SUSURLUK', N'10', N'BALIKESÝR')
INSERT [dbo].[REF_ILCELER] ([PKEY], [ILCEAD], [ILKOD], [ILAD]) VALUES (830, N'SUSUZ', N'36', N'KARS')
INSERT [dbo].[REF_ILCELER] ([PKEY], [ILCEAD], [ILKOD], [ILAD]) VALUES (831, N'SUÞEHRÝ', N'58', N'SÝVAS')
INSERT [dbo].[REF_ILCELER] ([PKEY], [ILCEAD], [ILKOD], [ILAD]) VALUES (832, N'SÜLOÐLU', N'22', N'EDÝRNE')
INSERT [dbo].[REF_ILCELER] ([PKEY], [ILCEAD], [ILKOD], [ILAD]) VALUES (833, N'SÜRMENE', N'61', N'TRABZON')
INSERT [dbo].[REF_ILCELER] ([PKEY], [ILCEAD], [ILKOD], [ILAD]) VALUES (834, N'SÜTÇÜLER', N'32', N'ISPARTA')
INSERT [dbo].[REF_ILCELER] ([PKEY], [ILCEAD], [ILKOD], [ILAD]) VALUES (835, N'ÞABANÖZÜ', N'18', N'ÇANKIRI')
INSERT [dbo].[REF_ILCELER] ([PKEY], [ILCEAD], [ILKOD], [ILAD]) VALUES (836, N'ÞAHÝNBEY', N'27', N'GAZÝANTEP')
INSERT [dbo].[REF_ILCELER] ([PKEY], [ILCEAD], [ILKOD], [ILAD]) VALUES (837, N'ÞALPAZARI', N'61', N'TRABZON')
INSERT [dbo].[REF_ILCELER] ([PKEY], [ILCEAD], [ILKOD], [ILAD]) VALUES (838, N'MERKEZ', N'63', N'ÞANLIURFA')
INSERT [dbo].[REF_ILCELER] ([PKEY], [ILCEAD], [ILKOD], [ILAD]) VALUES (839, N'ÞAPHANE', N'43', N'KÜTAHYA')
INSERT [dbo].[REF_ILCELER] ([PKEY], [ILCEAD], [ILKOD], [ILAD]) VALUES (840, N'ÞARKIÞLA', N'58', N'SÝVAS')
INSERT [dbo].[REF_ILCELER] ([PKEY], [ILCEAD], [ILKOD], [ILAD]) VALUES (841, N'ÞARKÝKARAAÐAÇ', N'32', N'ISPARTA')
INSERT [dbo].[REF_ILCELER] ([PKEY], [ILCEAD], [ILKOD], [ILAD]) VALUES (842, N'ÞARKÖY', N'59', N'TEKÝRDAÐ')
INSERT [dbo].[REF_ILCELER] ([PKEY], [ILCEAD], [ILKOD], [ILAD]) VALUES (843, N'ÞAVÞAT', N'8', N'ARTVÝN')
INSERT [dbo].[REF_ILCELER] ([PKEY], [ILCEAD], [ILKOD], [ILAD]) VALUES (844, N'ÞEBÝNKARAHÝSAR', N'28', N'GÝRESUN')
INSERT [dbo].[REF_ILCELER] ([PKEY], [ILCEAD], [ILKOD], [ILAD]) VALUES (845, N'ÞEFAATLÝ', N'66', N'YOZGAT')
INSERT [dbo].[REF_ILCELER] ([PKEY], [ILCEAD], [ILKOD], [ILAD]) VALUES (846, N'ÞEHÝTKAMÝL', N'27', N'GAZÝANTEP')
INSERT [dbo].[REF_ILCELER] ([PKEY], [ILCEAD], [ILKOD], [ILAD]) VALUES (847, N'ÞEMDÝNLÝ', N'30', N'HAKKARÝ')
INSERT [dbo].[REF_ILCELER] ([PKEY], [ILCEAD], [ILKOD], [ILAD]) VALUES (848, N'ÞENKAYA', N'25', N'ERZURUM')
INSERT [dbo].[REF_ILCELER] ([PKEY], [ILCEAD], [ILKOD], [ILAD]) VALUES (849, N'ÞENPAZAR', N'37', N'KASTAMONU')
INSERT [dbo].[REF_ILCELER] ([PKEY], [ILCEAD], [ILKOD], [ILAD]) VALUES (850, N'ÞEREFLÝKOÇHÝSAR', N'6', N'ANKARA')
INSERT [dbo].[REF_ILCELER] ([PKEY], [ILCEAD], [ILKOD], [ILAD]) VALUES (851, N'ÞIRNAK MERKEZ', N'73', N'ÞIRNAK')
INSERT [dbo].[REF_ILCELER] ([PKEY], [ILCEAD], [ILKOD], [ILAD]) VALUES (852, N'ÞÝLE', N'34', N'ÝSTANBUL')
INSERT [dbo].[REF_ILCELER] ([PKEY], [ILCEAD], [ILKOD], [ILAD]) VALUES (853, N'ÞÝRAN', N'29', N'GÜMÜÞHANE')
INSERT [dbo].[REF_ILCELER] ([PKEY], [ILCEAD], [ILKOD], [ILAD]) VALUES (854, N'ÞÝRVAN', N'56', N'SÝÝRT')
INSERT [dbo].[REF_ILCELER] ([PKEY], [ILCEAD], [ILKOD], [ILAD]) VALUES (855, N'ÞÝÞLÝ', N'34', N'ÝSTANBUL')
INSERT [dbo].[REF_ILCELER] ([PKEY], [ILCEAD], [ILKOD], [ILAD]) VALUES (856, N'ÞUHUT', N'3', N'AFYON')
INSERT [dbo].[REF_ILCELER] ([PKEY], [ILCEAD], [ILKOD], [ILAD]) VALUES (857, N'TALAS', N'38', N'KAYSERÝ')
INSERT [dbo].[REF_ILCELER] ([PKEY], [ILCEAD], [ILKOD], [ILAD]) VALUES (858, N'TARAKLI', N'54', N'SAKARYA')
INSERT [dbo].[REF_ILCELER] ([PKEY], [ILCEAD], [ILKOD], [ILAD]) VALUES (859, N'TARSUS', N'33', N'MERSÝN')
INSERT [dbo].[REF_ILCELER] ([PKEY], [ILCEAD], [ILKOD], [ILAD]) VALUES (860, N'TAÞKENT', N'42', N'KONYA')
INSERT [dbo].[REF_ILCELER] ([PKEY], [ILCEAD], [ILKOD], [ILAD]) VALUES (861, N'TAÞKÖPRÜ', N'37', N'KASTAMONU')
INSERT [dbo].[REF_ILCELER] ([PKEY], [ILCEAD], [ILKOD], [ILAD]) VALUES (862, N'TAÞLIÇAY', N'4', N'AÐRI')
INSERT [dbo].[REF_ILCELER] ([PKEY], [ILCEAD], [ILKOD], [ILAD]) VALUES (863, N'TAÞOVA', N'5', N'AMASYA')
INSERT [dbo].[REF_ILCELER] ([PKEY], [ILCEAD], [ILKOD], [ILAD]) VALUES (864, N'TATVAN', N'13', N'BÝTLÝS')
INSERT [dbo].[REF_ILCELER] ([PKEY], [ILCEAD], [ILKOD], [ILAD]) VALUES (865, N'TAVAS', N'20', N'DENÝZLÝ')
INSERT [dbo].[REF_ILCELER] ([PKEY], [ILCEAD], [ILKOD], [ILAD]) VALUES (866, N'TAVÞANLI', N'43', N'KÜTAHYA')
INSERT [dbo].[REF_ILCELER] ([PKEY], [ILCEAD], [ILKOD], [ILAD]) VALUES (867, N'TEFENNÝ', N'15', N'BURDUR')
INSERT [dbo].[REF_ILCELER] ([PKEY], [ILCEAD], [ILKOD], [ILAD]) VALUES (868, N'TEKÝRDAÐ MERKEZ', N'59', N'TEKÝRDAÐ')
INSERT [dbo].[REF_ILCELER] ([PKEY], [ILCEAD], [ILKOD], [ILAD]) VALUES (869, N'TEKKEKÖY', N'55', N'SAMSUN')
INSERT [dbo].[REF_ILCELER] ([PKEY], [ILCEAD], [ILKOD], [ILAD]) VALUES (870, N'TEKMAN', N'25', N'ERZURUM')
INSERT [dbo].[REF_ILCELER] ([PKEY], [ILCEAD], [ILKOD], [ILAD]) VALUES (871, N'TEPEBAÞI', N'26', N'ESKÝÞEHÝR')
INSERT [dbo].[REF_ILCELER] ([PKEY], [ILCEAD], [ILKOD], [ILAD]) VALUES (872, N'TERCAN', N'24', N'ERZÝNCAN')
INSERT [dbo].[REF_ILCELER] ([PKEY], [ILCEAD], [ILKOD], [ILAD]) VALUES (873, N'TERMAL', N'77', N'YALOVA')
INSERT [dbo].[REF_ILCELER] ([PKEY], [ILCEAD], [ILKOD], [ILAD]) VALUES (874, N'TERME', N'55', N'SAMSUN')
INSERT [dbo].[REF_ILCELER] ([PKEY], [ILCEAD], [ILKOD], [ILAD]) VALUES (875, N'TÝRE', N'35', N'ÝZMÝR')
INSERT [dbo].[REF_ILCELER] ([PKEY], [ILCEAD], [ILKOD], [ILAD]) VALUES (876, N'TÝREBOLU', N'28', N'GÝRESUN')
INSERT [dbo].[REF_ILCELER] ([PKEY], [ILCEAD], [ILKOD], [ILAD]) VALUES (877, N'TOKAT MERKEZ', N'60', N'TOKAT')
INSERT [dbo].[REF_ILCELER] ([PKEY], [ILCEAD], [ILKOD], [ILAD]) VALUES (878, N'TOMARZA', N'38', N'KAYSERÝ')
INSERT [dbo].[REF_ILCELER] ([PKEY], [ILCEAD], [ILKOD], [ILAD]) VALUES (879, N'TONYA', N'61', N'TRABZON')
INSERT [dbo].[REF_ILCELER] ([PKEY], [ILCEAD], [ILKOD], [ILAD]) VALUES (880, N'TOPRAKKALE', N'80', N'OSMANÝYE')
INSERT [dbo].[REF_ILCELER] ([PKEY], [ILCEAD], [ILKOD], [ILAD]) VALUES (881, N'TORBALI', N'35', N'ÝZMÝR')
INSERT [dbo].[REF_ILCELER] ([PKEY], [ILCEAD], [ILKOD], [ILAD]) VALUES (882, N'TOROSLAR', N'33', N'MERSÝN')
INSERT [dbo].[REF_ILCELER] ([PKEY], [ILCEAD], [ILKOD], [ILAD]) VALUES (883, N'TORTUM', N'25', N'ERZURUM')
INSERT [dbo].[REF_ILCELER] ([PKEY], [ILCEAD], [ILKOD], [ILAD]) VALUES (884, N'TORUL', N'29', N'GÜMÜÞHANE')
INSERT [dbo].[REF_ILCELER] ([PKEY], [ILCEAD], [ILKOD], [ILAD]) VALUES (885, N'TOSYA', N'37', N'KASTAMONU')
INSERT [dbo].[REF_ILCELER] ([PKEY], [ILCEAD], [ILKOD], [ILAD]) VALUES (886, N'TRABZON MERKEZ', N'61', N'TRABZON')
INSERT [dbo].[REF_ILCELER] ([PKEY], [ILCEAD], [ILKOD], [ILAD]) VALUES (887, N'TUFANBEYLÝ', N'1', N'ADANA')
INSERT [dbo].[REF_ILCELER] ([PKEY], [ILCEAD], [ILKOD], [ILAD]) VALUES (888, N'TUNCELÝ MERKEZ', N'62', N'TUNCELÝ')
INSERT [dbo].[REF_ILCELER] ([PKEY], [ILCEAD], [ILKOD], [ILAD]) VALUES (889, N'TURGUTLU', N'45', N'MANÝSA')
INSERT [dbo].[REF_ILCELER] ([PKEY], [ILCEAD], [ILKOD], [ILAD]) VALUES (890, N'TURHAL', N'60', N'TOKAT')
INSERT [dbo].[REF_ILCELER] ([PKEY], [ILCEAD], [ILKOD], [ILAD]) VALUES (891, N'TUT', N'2', N'ADIYAMAN')
INSERT [dbo].[REF_ILCELER] ([PKEY], [ILCEAD], [ILKOD], [ILAD]) VALUES (892, N'TUTAK', N'4', N'AÐRI')
INSERT [dbo].[REF_ILCELER] ([PKEY], [ILCEAD], [ILKOD], [ILAD]) VALUES (893, N'TUZLA', N'34', N'ÝSTANBUL')
INSERT [dbo].[REF_ILCELER] ([PKEY], [ILCEAD], [ILKOD], [ILAD]) VALUES (894, N'TUZLUCA', N'76', N'IÐDIR')
INSERT [dbo].[REF_ILCELER] ([PKEY], [ILCEAD], [ILKOD], [ILAD]) VALUES (895, N'TUZLUKÇU', N'42', N'KONYA')
INSERT [dbo].[REF_ILCELER] ([PKEY], [ILCEAD], [ILKOD], [ILAD]) VALUES (896, N'TÜRKELÝ', N'57', N'SÝNOP')
INSERT [dbo].[REF_ILCELER] ([PKEY], [ILCEAD], [ILKOD], [ILAD]) VALUES (897, N'TÜRKOÐLU', N'46', N'KAHRAMANMARAÞ')
INSERT [dbo].[REF_ILCELER] ([PKEY], [ILCEAD], [ILKOD], [ILAD]) VALUES (898, N'UÐURLUDAÐ', N'19', N'ÇORUM')
INSERT [dbo].[REF_ILCELER] ([PKEY], [ILCEAD], [ILKOD], [ILAD]) VALUES (899, N'ULA', N'48', N'MUÐLA')
INSERT [dbo].[REF_ILCELER] ([PKEY], [ILCEAD], [ILKOD], [ILAD]) VALUES (900, N'ULAÞ', N'58', N'SÝVAS')
INSERT [dbo].[REF_ILCELER] ([PKEY], [ILCEAD], [ILKOD], [ILAD]) VALUES (901, N'ULUBEY / ORDU', N'52', N'ORDU')
INSERT [dbo].[REF_ILCELER] ([PKEY], [ILCEAD], [ILKOD], [ILAD]) VALUES (902, N'ULUBEY / UÞAK', N'64', N'UÞAK')
INSERT [dbo].[REF_ILCELER] ([PKEY], [ILCEAD], [ILKOD], [ILAD]) VALUES (903, N'ULUBORLU', N'32', N'ISPARTA')
INSERT [dbo].[REF_ILCELER] ([PKEY], [ILCEAD], [ILKOD], [ILAD]) VALUES (904, N'ULUDERE', N'73', N'ÞIRNAK')
INSERT [dbo].[REF_ILCELER] ([PKEY], [ILCEAD], [ILKOD], [ILAD]) VALUES (905, N'ULUKIÞLA', N'51', N'NÝÐDE')
INSERT [dbo].[REF_ILCELER] ([PKEY], [ILCEAD], [ILKOD], [ILAD]) VALUES (906, N'ULUS', N'74', N'BARTIN')
INSERT [dbo].[REF_ILCELER] ([PKEY], [ILCEAD], [ILKOD], [ILAD]) VALUES (907, N'URLA', N'35', N'ÝZMÝR')
INSERT [dbo].[REF_ILCELER] ([PKEY], [ILCEAD], [ILKOD], [ILAD]) VALUES (908, N'UÞAK MERKEZ', N'64', N'UÞAK')
INSERT [dbo].[REF_ILCELER] ([PKEY], [ILCEAD], [ILKOD], [ILAD]) VALUES (909, N'UZUNDERE', N'25', N'ERZURUM')
GO
print 'Processed 900 total records'
INSERT [dbo].[REF_ILCELER] ([PKEY], [ILCEAD], [ILKOD], [ILAD]) VALUES (910, N'UZUNKÖPRÜ', N'22', N'EDÝRNE')
INSERT [dbo].[REF_ILCELER] ([PKEY], [ILCEAD], [ILKOD], [ILAD]) VALUES (911, N'ÜMRANÝYE', N'34', N'ÝSTANBUL')
INSERT [dbo].[REF_ILCELER] ([PKEY], [ILCEAD], [ILKOD], [ILAD]) VALUES (912, N'ÜNYE', N'52', N'ORDU')
INSERT [dbo].[REF_ILCELER] ([PKEY], [ILCEAD], [ILKOD], [ILAD]) VALUES (913, N'ÜRGÜP', N'50', N'NEVÞEHÝR')
INSERT [dbo].[REF_ILCELER] ([PKEY], [ILCEAD], [ILKOD], [ILAD]) VALUES (914, N'ÜSKÜDAR', N'34', N'ÝSTANBUL')
INSERT [dbo].[REF_ILCELER] ([PKEY], [ILCEAD], [ILKOD], [ILAD]) VALUES (915, N'ÜZÜMLÜ', N'24', N'ERZÝNCAN')
INSERT [dbo].[REF_ILCELER] ([PKEY], [ILCEAD], [ILKOD], [ILAD]) VALUES (916, N'VAKFIKEBÝR', N'61', N'TRABZON')
INSERT [dbo].[REF_ILCELER] ([PKEY], [ILCEAD], [ILKOD], [ILAD]) VALUES (917, N'VAN MERKEZ', N'65', N'VAN')
INSERT [dbo].[REF_ILCELER] ([PKEY], [ILCEAD], [ILKOD], [ILAD]) VALUES (918, N'VARTO', N'49', N'MUÞ')
INSERT [dbo].[REF_ILCELER] ([PKEY], [ILCEAD], [ILKOD], [ILAD]) VALUES (919, N'VEZÝRKÖPRÜ', N'55', N'SAMSUN')
INSERT [dbo].[REF_ILCELER] ([PKEY], [ILCEAD], [ILKOD], [ILAD]) VALUES (920, N'VÝRANÞEHÝR', N'63', N'ÞANLIURFA')
INSERT [dbo].[REF_ILCELER] ([PKEY], [ILCEAD], [ILKOD], [ILAD]) VALUES (921, N'VÝZE', N'39', N'KIRKLARELÝ')
INSERT [dbo].[REF_ILCELER] ([PKEY], [ILCEAD], [ILKOD], [ILAD]) VALUES (922, N'YAÐLIDERE', N'28', N'GÝRESUN')
INSERT [dbo].[REF_ILCELER] ([PKEY], [ILCEAD], [ILKOD], [ILAD]) VALUES (923, N'YAHÞÝHAN', N'71', N'KIRIKKALE')
INSERT [dbo].[REF_ILCELER] ([PKEY], [ILCEAD], [ILKOD], [ILAD]) VALUES (924, N'YAHYALI', N'38', N'KAYSERÝ')
INSERT [dbo].[REF_ILCELER] ([PKEY], [ILCEAD], [ILKOD], [ILAD]) VALUES (925, N'YAKAKENT', N'55', N'SAMSUN')
INSERT [dbo].[REF_ILCELER] ([PKEY], [ILCEAD], [ILKOD], [ILAD]) VALUES (926, N'YAKUTÝYE', N'25', N'ERZURUM')
INSERT [dbo].[REF_ILCELER] ([PKEY], [ILCEAD], [ILKOD], [ILAD]) VALUES (927, N'YALIHÜYÜK', N'42', N'KONYA')
INSERT [dbo].[REF_ILCELER] ([PKEY], [ILCEAD], [ILKOD], [ILAD]) VALUES (928, N'YALOVA MERKEZ', N'77', N'YALOVA')
INSERT [dbo].[REF_ILCELER] ([PKEY], [ILCEAD], [ILKOD], [ILAD]) VALUES (929, N'YALVAÇ', N'32', N'ISPARTA')
INSERT [dbo].[REF_ILCELER] ([PKEY], [ILCEAD], [ILKOD], [ILAD]) VALUES (930, N'YAPRAKLI', N'18', N'ÇANKIRI')
INSERT [dbo].[REF_ILCELER] ([PKEY], [ILCEAD], [ILKOD], [ILAD]) VALUES (931, N'YATAÐAN', N'48', N'MUÐLA')
INSERT [dbo].[REF_ILCELER] ([PKEY], [ILCEAD], [ILKOD], [ILAD]) VALUES (932, N'YAVUZELÝ', N'27', N'GAZÝANTEP')
INSERT [dbo].[REF_ILCELER] ([PKEY], [ILCEAD], [ILKOD], [ILAD]) VALUES (933, N'YAYLADAÐI', N'31', N'HATAY')
INSERT [dbo].[REF_ILCELER] ([PKEY], [ILCEAD], [ILKOD], [ILAD]) VALUES (934, N'YAYLADERE', N'12', N'BÝNGÖL')
INSERT [dbo].[REF_ILCELER] ([PKEY], [ILCEAD], [ILKOD], [ILAD]) VALUES (935, N'YAZIHAN', N'44', N'MALATYA')
INSERT [dbo].[REF_ILCELER] ([PKEY], [ILCEAD], [ILKOD], [ILAD]) VALUES (936, N'YEDÝSU', N'12', N'BÝNGÖL')
INSERT [dbo].[REF_ILCELER] ([PKEY], [ILCEAD], [ILKOD], [ILAD]) VALUES (937, N'YENÝCE', N'17', N'ÇANAKKALE')
INSERT [dbo].[REF_ILCELER] ([PKEY], [ILCEAD], [ILKOD], [ILAD]) VALUES (938, N'YENÝCE', N'78', N'KARABÜK')
INSERT [dbo].[REF_ILCELER] ([PKEY], [ILCEAD], [ILKOD], [ILAD]) VALUES (939, N'YENÝÇAÐA', N'14', N'BOLU')
INSERT [dbo].[REF_ILCELER] ([PKEY], [ILCEAD], [ILKOD], [ILAD]) VALUES (940, N'YENÝFAKILI', N'66', N'YOZGAT')
INSERT [dbo].[REF_ILCELER] ([PKEY], [ILCEAD], [ILKOD], [ILAD]) VALUES (941, N'YENÝMAHALLE', N'6', N'ANKARA')
INSERT [dbo].[REF_ILCELER] ([PKEY], [ILCEAD], [ILKOD], [ILAD]) VALUES (942, N'YENÝPAZAR', N'9', N'AYDIN')
INSERT [dbo].[REF_ILCELER] ([PKEY], [ILCEAD], [ILKOD], [ILAD]) VALUES (943, N'YENÝPAZAR', N'11', N'BÝLECÝK')
INSERT [dbo].[REF_ILCELER] ([PKEY], [ILCEAD], [ILKOD], [ILAD]) VALUES (944, N'YENÝÞARBADEMLÝ', N'32', N'ISPARTA')
INSERT [dbo].[REF_ILCELER] ([PKEY], [ILCEAD], [ILKOD], [ILAD]) VALUES (945, N'YENÝÞEHÝR', N'16', N'BURSA')
INSERT [dbo].[REF_ILCELER] ([PKEY], [ILCEAD], [ILKOD], [ILAD]) VALUES (946, N'YENÝÞEHÝR', N'21', N'DÝYARBAKIR')
INSERT [dbo].[REF_ILCELER] ([PKEY], [ILCEAD], [ILKOD], [ILAD]) VALUES (947, N'YENÝÞEHÝR', N'33', N'MERSÝN')
INSERT [dbo].[REF_ILCELER] ([PKEY], [ILCEAD], [ILKOD], [ILAD]) VALUES (948, N'YERKÖY', N'66', N'YOZGAT')
INSERT [dbo].[REF_ILCELER] ([PKEY], [ILCEAD], [ILKOD], [ILAD]) VALUES (949, N'YEÞÝLHÝSAR', N'38', N'KAYSERÝ')
INSERT [dbo].[REF_ILCELER] ([PKEY], [ILCEAD], [ILKOD], [ILAD]) VALUES (950, N'YEÞÝLLÝ', N'47', N'MARDÝN')
INSERT [dbo].[REF_ILCELER] ([PKEY], [ILCEAD], [ILKOD], [ILAD]) VALUES (951, N'YEÞÝLOVA', N'15', N'BURDUR')
INSERT [dbo].[REF_ILCELER] ([PKEY], [ILCEAD], [ILKOD], [ILAD]) VALUES (952, N'YEÞÝLYURT', N'44', N'MALATYA')
INSERT [dbo].[REF_ILCELER] ([PKEY], [ILCEAD], [ILKOD], [ILAD]) VALUES (953, N'YEÞÝLYURT', N'60', N'TOKAT')
INSERT [dbo].[REF_ILCELER] ([PKEY], [ILCEAD], [ILKOD], [ILAD]) VALUES (954, N'YIÐILCA', N'81', N'DÜZCE')
INSERT [dbo].[REF_ILCELER] ([PKEY], [ILCEAD], [ILKOD], [ILAD]) VALUES (955, N'YILDIRIM', N'16', N'BURSA')
INSERT [dbo].[REF_ILCELER] ([PKEY], [ILCEAD], [ILKOD], [ILAD]) VALUES (956, N'YILDIZELÝ', N'58', N'SÝVAS')
INSERT [dbo].[REF_ILCELER] ([PKEY], [ILCEAD], [ILKOD], [ILAD]) VALUES (957, N'YOMRA', N'61', N'TRABZON')
INSERT [dbo].[REF_ILCELER] ([PKEY], [ILCEAD], [ILKOD], [ILAD]) VALUES (958, N'YOZGAT MERKEZ', N'66', N'YOZGAT')
INSERT [dbo].[REF_ILCELER] ([PKEY], [ILCEAD], [ILKOD], [ILAD]) VALUES (959, N'YUMURTALIK', N'1', N'ADANA')
INSERT [dbo].[REF_ILCELER] ([PKEY], [ILCEAD], [ILKOD], [ILAD]) VALUES (960, N'YUNAK', N'42', N'KONYA')
INSERT [dbo].[REF_ILCELER] ([PKEY], [ILCEAD], [ILKOD], [ILAD]) VALUES (961, N'YUSUFELÝ', N'8', N'ARTVÝN')
INSERT [dbo].[REF_ILCELER] ([PKEY], [ILCEAD], [ILKOD], [ILAD]) VALUES (962, N'YÜKSEKOVA', N'30', N'HAKKARÝ')
INSERT [dbo].[REF_ILCELER] ([PKEY], [ILCEAD], [ILKOD], [ILAD]) VALUES (963, N'YÜREÐÝR', N'1', N'ADANA')
INSERT [dbo].[REF_ILCELER] ([PKEY], [ILCEAD], [ILKOD], [ILAD]) VALUES (964, N'ZARA', N'58', N'SÝVAS')
INSERT [dbo].[REF_ILCELER] ([PKEY], [ILCEAD], [ILKOD], [ILAD]) VALUES (965, N'ZEYTÝNBURNU', N'34', N'ÝSTANBUL')
INSERT [dbo].[REF_ILCELER] ([PKEY], [ILCEAD], [ILKOD], [ILAD]) VALUES (966, N'ZÝLE', N'60', N'TOKAT')
INSERT [dbo].[REF_ILCELER] ([PKEY], [ILCEAD], [ILKOD], [ILAD]) VALUES (967, N'MERKEZ', N'67', N'ZONGULDAK')
SET IDENTITY_INSERT [dbo].[REF_ILCELER] OFF
/****** Object:  Table [dbo].[REF_ESIK]    Script Date: 09/04/2014 22:33:17 ******/
SET ANSI_NULLS ON
GO
SET QUOTED_IDENTIFIER ON
GO
SET ANSI_PADDING ON
GO
IF NOT EXISTS (SELECT * FROM sys.objects WHERE object_id = OBJECT_ID(N'[dbo].[REF_ESIK]') AND type in (N'U'))
BEGIN
CREATE TABLE [dbo].[REF_ESIK](
	[ID] [int] IDENTITY(1,1) NOT NULL,
	[AD] [varchar](50) NOT NULL,
	[NOVA] [bit] NOT NULL,
	[KROMA] [bit] NOT NULL,
	[GUARD] [bit] NOT NULL,
 CONSTRAINT [PK_REF_ESIK] PRIMARY KEY CLUSTERED 
(
	[ID] ASC
)WITH (PAD_INDEX  = OFF, STATISTICS_NORECOMPUTE  = OFF, IGNORE_DUP_KEY = OFF, ALLOW_ROW_LOCKS  = ON, ALLOW_PAGE_LOCKS  = ON) ON [PRIMARY]
) ON [PRIMARY]
END
GO
SET ANSI_PADDING OFF
GO
SET IDENTITY_INSERT [dbo].[REF_ESIK] ON
INSERT [dbo].[REF_ESIK] ([ID], [AD], [NOVA], [KROMA], [GUARD]) VALUES (1, N'Harmankaya', 1, 1, 1)
INSERT [dbo].[REF_ESIK] ([ID], [AD], [NOVA], [KROMA], [GUARD]) VALUES (2, N'Carmen Red', 1, 1, 1)
INSERT [dbo].[REF_ESIK] ([ID], [AD], [NOVA], [KROMA], [GUARD]) VALUES (3, N'Siyah', 1, 1, 1)
INSERT [dbo].[REF_ESIK] ([ID], [AD], [NOVA], [KROMA], [GUARD]) VALUES (4, N'Yok', 1, 1, 0)
SET IDENTITY_INSERT [dbo].[REF_ESIK] OFF
/****** Object:  Table [dbo].[REF_CONTARENK]    Script Date: 09/04/2014 22:33:17 ******/
SET ANSI_NULLS ON
GO
SET QUOTED_IDENTIFIER ON
GO
SET ANSI_PADDING ON
GO
IF NOT EXISTS (SELECT * FROM sys.objects WHERE object_id = OBJECT_ID(N'[dbo].[REF_CONTARENK]') AND type in (N'U'))
BEGIN
CREATE TABLE [dbo].[REF_CONTARENK](
	[ID] [int] IDENTITY(1,1) NOT NULL,
	[AD] [varchar](50) NOT NULL,
	[NOVA] [bit] NOT NULL,
	[KROMA] [bit] NOT NULL,
	[GUARD] [bit] NOT NULL,
 CONSTRAINT [PK_REF_CONTARENK] PRIMARY KEY CLUSTERED 
(
	[ID] ASC
)WITH (PAD_INDEX  = OFF, STATISTICS_NORECOMPUTE  = OFF, IGNORE_DUP_KEY = OFF, ALLOW_ROW_LOCKS  = ON, ALLOW_PAGE_LOCKS  = ON) ON [PRIMARY]
) ON [PRIMARY]
END
GO
SET ANSI_PADDING OFF
GO
SET IDENTITY_INSERT [dbo].[REF_CONTARENK] ON
INSERT [dbo].[REF_CONTARENK] ([ID], [AD], [NOVA], [KROMA], [GUARD]) VALUES (1, N'SÝYAH', 0, 0, 1)
INSERT [dbo].[REF_CONTARENK] ([ID], [AD], [NOVA], [KROMA], [GUARD]) VALUES (2, N'GRÝ', 0, 0, 1)
SET IDENTITY_INSERT [dbo].[REF_CONTARENK] OFF
/****** Object:  Table [dbo].[REF_CITA]    Script Date: 09/04/2014 22:33:17 ******/
SET ANSI_NULLS ON
GO
SET QUOTED_IDENTIFIER ON
GO
SET ANSI_PADDING ON
GO
IF NOT EXISTS (SELECT * FROM sys.objects WHERE object_id = OBJECT_ID(N'[dbo].[REF_CITA]') AND type in (N'U'))
BEGIN
CREATE TABLE [dbo].[REF_CITA](
	[ID] [int] IDENTITY(1,1) NOT NULL,
	[AD] [varchar](50) NOT NULL,
	[NOVA] [bit] NOT NULL,
	[KROMA] [bit] NOT NULL,
	[GUARD] [bit] NOT NULL,
 CONSTRAINT [PK_REF_CITA] PRIMARY KEY CLUSTERED 
(
	[ID] ASC
)WITH (PAD_INDEX  = OFF, STATISTICS_NORECOMPUTE  = OFF, IGNORE_DUP_KEY = OFF, ALLOW_ROW_LOCKS  = ON, ALLOW_PAGE_LOCKS  = ON) ON [PRIMARY]
) ON [PRIMARY]
END
GO
SET ANSI_PADDING OFF
GO
SET IDENTITY_INSERT [dbo].[REF_CITA] ON
INSERT [dbo].[REF_CITA] ([ID], [AD], [NOVA], [KROMA], [GUARD]) VALUES (1, N'Yok', 1, 1, 0)
INSERT [dbo].[REF_CITA] ([ID], [AD], [NOVA], [KROMA], [GUARD]) VALUES (3, N'H-Eloksal', 1, 1, 0)
INSERT [dbo].[REF_CITA] ([ID], [AD], [NOVA], [KROMA], [GUARD]) VALUES (4, N'H-Siyah', 1, 1, 0)
INSERT [dbo].[REF_CITA] ([ID], [AD], [NOVA], [KROMA], [GUARD]) VALUES (5, N'Ýnce Alüminyum', 1, 1, 0)
INSERT [dbo].[REF_CITA] ([ID], [AD], [NOVA], [KROMA], [GUARD]) VALUES (6, N'Kalýn Alüminyum', 1, 1, 0)
INSERT [dbo].[REF_CITA] ([ID], [AD], [NOVA], [KROMA], [GUARD]) VALUES (7, N'Ýnce Pirinç', 1, 1, 0)
SET IDENTITY_INSERT [dbo].[REF_CITA] OFF
/****** Object:  Table [dbo].[REF_ALUMINYUMRENK]    Script Date: 09/04/2014 22:33:17 ******/
SET ANSI_NULLS ON
GO
SET QUOTED_IDENTIFIER ON
GO
SET ANSI_PADDING ON
GO
IF NOT EXISTS (SELECT * FROM sys.objects WHERE object_id = OBJECT_ID(N'[dbo].[REF_ALUMINYUMRENK]') AND type in (N'U'))
BEGIN
CREATE TABLE [dbo].[REF_ALUMINYUMRENK](
	[ID] [int] IDENTITY(1,1) NOT NULL,
	[AD] [varchar](50) NOT NULL,
	[NOVA] [bit] NOT NULL,
	[KROMA] [bit] NOT NULL,
	[GUARD] [bit] NOT NULL,
 CONSTRAINT [PK_REF_ALUMINYUMRENK] PRIMARY KEY CLUSTERED 
(
	[ID] ASC
)WITH (PAD_INDEX  = OFF, STATISTICS_NORECOMPUTE  = OFF, IGNORE_DUP_KEY = OFF, ALLOW_ROW_LOCKS  = ON, ALLOW_PAGE_LOCKS  = ON) ON [PRIMARY]
) ON [PRIMARY]
END
GO
SET ANSI_PADDING OFF
GO
SET IDENTITY_INSERT [dbo].[REF_ALUMINYUMRENK] ON
INSERT [dbo].[REF_ALUMINYUMRENK] ([ID], [AD], [NOVA], [KROMA], [GUARD]) VALUES (1, N'GRÝ', 0, 0, 1)
INSERT [dbo].[REF_ALUMINYUMRENK] ([ID], [AD], [NOVA], [KROMA], [GUARD]) VALUES (2, N'SÝYAH', 0, 0, 1)
SET IDENTITY_INSERT [dbo].[REF_ALUMINYUMRENK] OFF
/****** Object:  Table [dbo].[REF_AKSESUARRENK]    Script Date: 09/04/2014 22:33:17 ******/
SET ANSI_NULLS ON
GO
SET QUOTED_IDENTIFIER ON
GO
SET ANSI_PADDING ON
GO
IF NOT EXISTS (SELECT * FROM sys.objects WHERE object_id = OBJECT_ID(N'[dbo].[REF_AKSESUARRENK]') AND type in (N'U'))
BEGIN
CREATE TABLE [dbo].[REF_AKSESUARRENK](
	[ID] [int] IDENTITY(1,1) NOT NULL,
	[AD] [varchar](50) NOT NULL,
	[NOVA] [bit] NOT NULL,
	[KROMA] [bit] NOT NULL,
	[GUARD] [bit] NOT NULL,
 CONSTRAINT [PK_REF_AKSESUARRENK] PRIMARY KEY CLUSTERED 
(
	[ID] ASC
)WITH (PAD_INDEX  = OFF, STATISTICS_NORECOMPUTE  = OFF, IGNORE_DUP_KEY = OFF, ALLOW_ROW_LOCKS  = ON, ALLOW_PAGE_LOCKS  = ON) ON [PRIMARY]
) ON [PRIMARY]
END
GO
SET ANSI_PADDING OFF
GO
SET IDENTITY_INSERT [dbo].[REF_AKSESUARRENK] ON
INSERT [dbo].[REF_AKSESUARRENK] ([ID], [AD], [NOVA], [KROMA], [GUARD]) VALUES (1, N'Saten', 1, 1, 1)
INSERT [dbo].[REF_AKSESUARRENK] ([ID], [AD], [NOVA], [KROMA], [GUARD]) VALUES (2, N'Pirinç', 1, 1, 1)
SET IDENTITY_INSERT [dbo].[REF_AKSESUARRENK] OFF
/****** Object:  Table [dbo].[PERSONELBILGI]    Script Date: 09/04/2014 22:33:17 ******/
SET ANSI_NULLS ON
GO
SET QUOTED_IDENTIFIER ON
GO
SET ANSI_PADDING ON
GO
IF NOT EXISTS (SELECT * FROM sys.objects WHERE object_id = OBJECT_ID(N'[dbo].[PERSONELBILGI]') AND type in (N'U'))
BEGIN
CREATE TABLE [dbo].[PERSONELBILGI](
	[ID] [int] IDENTITY(1,1) NOT NULL,
	[AD] [char](50) NOT NULL,
	[SOYAD] [char](100) NOT NULL,
 CONSTRAINT [PK_PERSONELBILGI] PRIMARY KEY CLUSTERED 
(
	[ID] ASC
)WITH (PAD_INDEX  = OFF, STATISTICS_NORECOMPUTE  = OFF, IGNORE_DUP_KEY = OFF, ALLOW_ROW_LOCKS  = ON, ALLOW_PAGE_LOCKS  = ON) ON [PRIMARY]
) ON [PRIMARY]
END
GO
SET ANSI_PADDING OFF
GO
SET IDENTITY_INSERT [dbo].[PERSONELBILGI] ON
INSERT [dbo].[PERSONELBILGI] ([ID], [AD], [SOYAD]) VALUES (4, N'ÝBRAHÝM                                           ', N'OÐUZ                                                                                                ')
INSERT [dbo].[PERSONELBILGI] ([ID], [AD], [SOYAD]) VALUES (5, N'NEJLA                                             ', N'GÜNER                                                                                               ')
INSERT [dbo].[PERSONELBILGI] ([ID], [AD], [SOYAD]) VALUES (6, N'DERÝN                                             ', N'GEÇMEZ                                                                                              ')
INSERT [dbo].[PERSONELBILGI] ([ID], [AD], [SOYAD]) VALUES (7, N'ALÝ                                               ', N'USTA                                                                                                ')
INSERT [dbo].[PERSONELBILGI] ([ID], [AD], [SOYAD]) VALUES (8, N'HATÝCE                                            ', N'OÐUZ                                                                                                ')
INSERT [dbo].[PERSONELBILGI] ([ID], [AD], [SOYAD]) VALUES (9, N'ÞARE                                              ', N'GÜNER                                                                                               ')
SET IDENTITY_INSERT [dbo].[PERSONELBILGI] OFF
/****** Object:  Table [dbo].[MONTAJ_PERSONEL]    Script Date: 09/04/2014 22:33:17 ******/
SET ANSI_NULLS ON
GO
SET QUOTED_IDENTIFIER ON
GO
IF NOT EXISTS (SELECT * FROM sys.objects WHERE object_id = OBJECT_ID(N'[dbo].[MONTAJ_PERSONEL]') AND type in (N'U'))
BEGIN
CREATE TABLE [dbo].[MONTAJ_PERSONEL](
	[ID] [int] IDENTITY(1,1) NOT NULL,
	[MONTAJID] [int] NOT NULL,
	[PERSONELID] [int] NOT NULL,
 CONSTRAINT [PK_MONTAJ_PERSONEL] PRIMARY KEY CLUSTERED 
(
	[ID] ASC
)WITH (PAD_INDEX  = OFF, STATISTICS_NORECOMPUTE  = OFF, IGNORE_DUP_KEY = OFF, ALLOW_ROW_LOCKS  = ON, ALLOW_PAGE_LOCKS  = ON) ON [PRIMARY]
) ON [PRIMARY]
END
GO
/****** Object:  Table [dbo].[MONTAJ]    Script Date: 09/04/2014 22:33:17 ******/
SET ANSI_NULLS ON
GO
SET QUOTED_IDENTIFIER ON
GO
SET ANSI_PADDING ON
GO
IF NOT EXISTS (SELECT * FROM sys.objects WHERE object_id = OBJECT_ID(N'[dbo].[MONTAJ]') AND type in (N'U'))
BEGIN
CREATE TABLE [dbo].[MONTAJ](
	[ID] [int] IDENTITY(1,1) NOT NULL,
	[SIPARISNO] [varchar](50) NULL,
	[TESLIMTARIH] [date] NULL,
	[PERSONELLISTEID] [int] NULL
) ON [PRIMARY]
END
GO
SET ANSI_PADDING OFF
GO
SET IDENTITY_INSERT [dbo].[MONTAJ] ON
INSERT [dbo].[MONTAJ] ([ID], [SIPARISNO], [TESLIMTARIH], [PERSONELLISTEID]) VALUES (2, N'N-2', CAST(0xEE380B00 AS Date), NULL)
INSERT [dbo].[MONTAJ] ([ID], [SIPARISNO], [TESLIMTARIH], [PERSONELLISTEID]) VALUES (3, N'N-3', CAST(0xED380B00 AS Date), NULL)
INSERT [dbo].[MONTAJ] ([ID], [SIPARISNO], [TESLIMTARIH], [PERSONELLISTEID]) VALUES (4, N'N-4', CAST(0xED380B00 AS Date), NULL)
INSERT [dbo].[MONTAJ] ([ID], [SIPARISNO], [TESLIMTARIH], [PERSONELLISTEID]) VALUES (5, N'N-5', CAST(0xED380B00 AS Date), NULL)
INSERT [dbo].[MONTAJ] ([ID], [SIPARISNO], [TESLIMTARIH], [PERSONELLISTEID]) VALUES (6, N'N-6', CAST(0xEF380B00 AS Date), NULL)
INSERT [dbo].[MONTAJ] ([ID], [SIPARISNO], [TESLIMTARIH], [PERSONELLISTEID]) VALUES (7, N'N-7', CAST(0xEE380B00 AS Date), NULL)
SET IDENTITY_INSERT [dbo].[MONTAJ] OFF
/****** Object:  Table [dbo].[KULLANICIBILGI]    Script Date: 09/04/2014 22:33:17 ******/
SET ANSI_NULLS ON
GO
SET QUOTED_IDENTIFIER ON
GO
SET ANSI_PADDING ON
GO
IF NOT EXISTS (SELECT * FROM sys.objects WHERE object_id = OBJECT_ID(N'[dbo].[KULLANICIBILGI]') AND type in (N'U'))
BEGIN
CREATE TABLE [dbo].[KULLANICIBILGI](
	[KULLANICIADI] [varchar](50) NOT NULL,
	[SIFRE] [varchar](50) NOT NULL,
	[YETKI] [varchar](50) NOT NULL,
 CONSTRAINT [PK_KULLANICIBILGI] PRIMARY KEY CLUSTERED 
(
	[KULLANICIADI] ASC
)WITH (PAD_INDEX  = OFF, STATISTICS_NORECOMPUTE  = OFF, IGNORE_DUP_KEY = OFF, ALLOW_ROW_LOCKS  = ON, ALLOW_PAGE_LOCKS  = ON) ON [PRIMARY]
) ON [PRIMARY]
END
GO
SET ANSI_PADDING OFF
GO
INSERT [dbo].[KULLANICIBILGI] ([KULLANICIADI], [SIFRE], [YETKI]) VALUES (N'derin', N'12345', N'yonetici')
INSERT [dbo].[KULLANICIBILGI] ([KULLANICIADI], [SIFRE], [YETKI]) VALUES (N'ibo', N'12345', N'kullanici')
INSERT [dbo].[KULLANICIBILGI] ([KULLANICIADI], [SIFRE], [YETKI]) VALUES (N'nejla', N'54321', N'yonetici')
/****** Object:  Table [dbo].[HATA]    Script Date: 09/04/2014 22:33:17 ******/
SET ANSI_NULLS ON
GO
SET QUOTED_IDENTIFIER ON
GO
IF NOT EXISTS (SELECT * FROM sys.objects WHERE object_id = OBJECT_ID(N'[dbo].[HATA]') AND type in (N'U'))
BEGIN
CREATE TABLE [dbo].[HATA](
	[ID] [int] IDENTITY(1,1) NOT NULL,
	[MODULEID] [int] NULL,
	[EVENTLOGENTRYTYPEID] [int] NULL,
	[EXCEPTION] [nvarchar](max) NULL,
	[PAGEURL] [nvarchar](500) NULL,
	[METHODNAME] [nvarchar](100) NULL,
	[MESSAGE] [nvarchar](500) NULL,
	[USERIDENTITY] [nvarchar](20) NULL,
	[PCNAME] [nvarchar](50) NULL,
	[USERAUTHORITY] [nvarchar](50) NULL,
	[EXTENDEDPROPERTIES] [nvarchar](50) NULL,
	[USERNAME] [nvarchar](50) NULL,
 CONSTRAINT [PK_HATA] PRIMARY KEY CLUSTERED 
(
	[ID] ASC
)WITH (PAD_INDEX  = OFF, STATISTICS_NORECOMPUTE  = OFF, IGNORE_DUP_KEY = OFF, ALLOW_ROW_LOCKS  = ON, ALLOW_PAGE_LOCKS  = ON) ON [PRIMARY]
) ON [PRIMARY]
END
GO
